time,high,low,open,volumefrom,volumeto,close
2017-04-14,1602.0,1555.51,1576.75,290.19,458549.04,1556.22
2017-04-15,1589.98,1555.0,1556.22,147.81,233499.17,1588.99
2017-04-16,1589.99,1559.0,1588.99,249.72,393138.79,1579.52
2017-04-17,1619.99,1559.99,1579.52,275.75,440720.31,1602.0
2017-04-18,1629.97,1575.0,1602.0,493.52,791768.1,1619.83
2017-04-19,1637.5,1559.99,1619.83,547.83,882488.88,1635.74
2017-04-20,1675.0,1620.01,1635.74,1142.42,1892155.03,1664.0
2017-04-21,1689.0,1645.29,1664.0,454.83,761159.14,1670.0
2017-04-22,1699.0,1650.0,1670.0,318.55,531664.36,1694.81
2017-04-23,1699.0,1661.5,1694.81,170.27,287340.24,1690.0
2017-04-24,1699.0,1655.01,1690.0,207.23,349709.94,1695.99
2017-04-25,1730.0,1680.0,1695.99,426.57,732740.14,1728.1
2017-04-26,1750.0,1700.01,1728.1,403.92,698269.05,1749.87
2017-04-27,1830.0,1699.0,1749.87,556.62,993846.32,1829.97
2017-04-28,1838.0,1770.05,1829.97,304.87,552607.78,1829.96
2017-04-29,1849.0,1800.02,1829.96,200.57,367807.32,1849.0
2017-04-30,1894.0,1804.22,1849.0,319.39,589219.91,1868.62
2017-05-01,1980.0,1846.0,1868.62,489.58,942859.07,1964.94
2017-05-02,1999.5,1913.03,1964.94,653.57,1279625.64,1990.0
2017-05-03,2113.77,1980.01,1990.0,551.16,1121728.75,2076.08
2017-05-04,2235.0,2025.44,2076.08,802.59,1711376.66,2133.99
2017-05-05,2199.96,2076.6,2133.99,499.3,1061489.12,2134.06
2017-05-06,2180.0,2085.0,2134.06,569.43,1208135.1,2135.0
2017-05-07,2169.0,2109.03,2135.0,437.85,930172.41,2168.99
2017-05-08,2277.98,2133.38,2168.99,589.86,1291728.69,2270.0
2017-05-09,2458.03,2211.16,2270.0,969.78,2281970.77,2423.97
2017-05-10,2500.0,2340.0,2423.97,439.44,1066199.11,2490.99
2017-05-11,2638.05,2450.0,2490.99,704.14,1788062.53,2585.94
2017-05-12,2599.0,2300.0,2585.94,600.43,1488558.94,2480.0
2017-05-13,2525.0,2302.0,2480.0,360.04,877609.03,2523.5
2017-05-14,2525.0,2433.01,2523.5,437.55,1082957.23,2475.0
2017-05-15,2489.76,2400.0,2475.0,415.4,1013530.09,2425.0
2017-05-16,2489.55,2350.0,2425.0,599.21,1434112.99,2482.23
2017-05-17,2650.0,2452.01,2482.23,570.57,1464920.3,2574.38
2017-05-18,2716.0,2500.0,2574.38,731.91,1905610.34,2653.23
2017-05-19,2713.13,2608.6,2653.23,636.97,1699242.83,2712.32
2017-05-20,2799.82,2666.5,2712.32,594.44,1621793.59,2798.65
2017-05-21,2877.78,2760.36,2798.65,896.89,2503146.43,2794.65
2017-05-22,3092.65,2783.51,2794.65,1259.22,3685753.16,2919.12
2017-05-23,3114.72,2865.87,2919.12,935.68,2811026.53,3108.13
2017-05-24,3312.38,3096.28,3108.13,920.5,2942657.72,3267.05
2017-05-25,3717.66,3104.12,3267.05,1717.59,5939729.46,3111.39
2017-05-26,3634.92,2843.57,3111.39,1778.1,5678988.83,3080.59
2017-05-27,3198.28,2614.93,3080.59,1638.72,4714591.84,2820.79
2017-05-28,3229.15,2820.86,2820.9,941.04,2838554.8,2990.86
2017-05-29,3203.76,2978.51,2990.86,652.19,2021337.89,3117.2
2017-05-30,3748.58,2427.13,3063.38,21356.15,68890806.45,3225.81
2017-05-31,3332.87,3112.4,3165.43,511.67,1651202.04,3279.9
2017-06-01,3553.46,3256.67,3279.9,792.33,2673259.95,3411.35
2017-06-02,3572.4,3354.06,3411.35,723.73,2508032.76,3477.32
2017-06-03,3609.76,3433.4,3477.32,892.98,3141765.13,3523.35
2017-06-04,3597.85,3485.42,3523.35,290.79,1023625.09,3524.85
2017-06-05,3731.98,3488.41,3524.85,1059.58,3790212.58,3715.7
2017-06-06,3993.77,3700.54,3715.7,1240.14,4783499.95,3944.52
2017-06-07,3984.75,3715.89,3944.52,755.19,2911797.46,3786.69
2017-06-08,3929.55,3704.96,3786.69,622.37,2354989.81,3929.53
2017-06-09,3934.3,3826.03,3929.53,460.0,1779339.16,3858.63
2017-06-10,4261.77,3281.7,3867.8,13354.0,54840885.57,4106.7
2017-06-11,4082.26,3945.36,3978.0,571.88,2280633.15,4080.14
2017-06-12,4088.41,3489.23,4080.14,1235.78,4666869.55,3807.34
2017-06-13,3914.85,3677.73,3807.34,721.38,2721176.76,3785.08
2017-06-14,3980.33,3433.04,3785.08,1843.54,6687369.3,3498.0
2017-06-15,3566.22,2987.76,3498.0,2242.13,7389696.34,3473.63
2017-06-16,3607.45,3313.73,3473.63,799.12,2756398.51,3481.9
2017-06-17,3727.25,3381.12,3481.9,910.09,3255849.27,3629.81
2017-06-18,3680.91,3480.67,3629.81,531.26,1904559.17,3566.59
2017-06-19,3630.1,3470.33,3566.59,694.93,2446206.12,3551.61
2017-06-20,3752.19,3480.94,3551.61,801.43,2917089.97,3727.88
2017-06-21,3796.98,3613.74,3727.88,663.1,2452741.83,3683.61
2017-06-22,3722.14,3616.6,3683.61,611.08,2245344.68,3707.27
2017-06-23,3823.71,3668.61,3707.27,530.53,1976914.08,3698.65
2017-06-24,3776.25,3450.83,3698.65,612.27,2191271.56,3512.11
2017-06-25,3812.68,3192.99,3529.93,18633.59,63516747.21,3408.72
2017-06-26,3752.29,2528.29,3408.72,30053.46,99651548.89,3315.81
2017-06-27,3466.46,3147.96,3280.79,956.46,3113601.62,3466.46
2017-06-28,3503.88,2788.61,3404.83,13987.8,47215039.29,3375.44
2017-06-29,3491.53,3373.82,3430.1,478.36,1644643.57,3432.06
2017-06-30,3494.2,3301.01,3432.06,832.37,2793681.99,3332.58
2017-07-01,3451.17,3213.91,3332.58,449.66,1480004.59,3276.06
2017-07-02,3420.07,3160.59,3276.06,499.05,1634237.89,3405.1
2017-07-03,3455.62,3290.79,3405.1,630.69,2130622.81,3413.82
2017-07-04,3606.03,3376.73,3413.82,544.06,1876342.17,3432.99
2017-07-05,3478.9,3363.67,3432.99,532.58,1810776.38,3454.22
2017-07-06,3514.53,3375.39,3454.22,432.35,1472637.73,3401.05
2017-07-07,3437.63,3265.36,3401.05,797.49,2654424.39,3301.33
2017-07-08,3377.67,3253.46,3301.33,424.47,1403472.15,3371.85
2017-07-09,3403.44,3288.76,3371.85,413.62,1371428.74,3306.06
2017-07-10,3366.92,3071.96,3306.06,1166.48,3729065.28,3078.39
2017-07-11,3118.35,2989.05,3078.39,1349.46,4127632.26,3024.13
2017-07-12,3115.43,2958.83,3024.13,1075.5,3276285.69,3113.04
2017-07-13,3177.56,3032.64,3113.04,600.12,1848953.45,3050.14
2017-07-14,3150.42,2846.18,3050.14,748.01,2201660.13,2891.35
2017-07-15,2961.56,2580.05,2891.35,1003.35,2716393.4,2620.1
2017-07-16,2694.64,2356.62,2620.1,1115.87,2775258.53,2458.38
2017-07-17,3014.18,2411.1,2458.38,821.82,2242878.72,2960.94
2017-07-18,3227.22,2879.04,2960.94,1586.5,4796375.04,3086.04
2017-07-19,3749.51,2787.56,3023.75,29203.12,87419619.34,2993.5
2017-07-20,3745.78,3000.25,3021.26,2296.07,7678540.05,3638.4
2017-07-21,3652.44,3330.46,3638.4,993.43,3414034.77,3400.2
2017-07-22,3664.93,3397.22,3400.2,566.87,2021293.52,3636.88
2017-07-23,3643.09,3477.61,3636.88,551.98,1972120.67,3565.51
2017-07-24,3600.98,3492.45,3565.51,427.26,1502311.99,3507.2
2017-07-25,3547.75,3186.81,3507.2,1258.65,4183365.58,3287.78
2017-07-26,3486.32,3150.66,3287.78,1015.58,3295460.16,3281.9
2017-07-27,3493.94,3234.38,3281.9,578.5,1948432.21,3461.44
2017-07-28,3622.56,3391.8,3461.44,724.82,2559156.59,3560.17
2017-07-29,3575.74,3429.72,3560.17,586.95,2043399.05,3499.79
2017-07-30,3569.85,3407.38,3499.79,352.83,1229478.4,3541.25
2017-07-31,3836.0,3496.12,3541.25,940.79,3408196.32,3798.34
2017-08-01,3804.66,3470.49,3798.34,827.13,2983856.8,3565.58
2017-08-02,3618.39,3489.48,3565.58,574.39,2033904.46,3524.32
2017-08-03,3654.04,3517.74,3524.32,503.3,1795412.61,3608.44
2017-08-04,3760.11,3582.76,3608.44,512.42,1881766.88,3743.78
2017-08-05,4282.68,3743.78,3743.78,833.75,3389397.96,4167.34
2017-08-06,4271.84,4063.21,4167.34,360.76,1507605.11,4168.54
2017-08-07,4429.28,4129.35,4168.54,421.34,1819832.81,4357.02
2017-08-08,4505.94,4331.48,4357.02,434.43,1918969.89,4414.14
2017-08-09,4641.41,4179.98,4397.14,10217.57,45132519.25,4417.15
2017-08-10,4546.91,4384.55,4426.77,421.27,1884893.98,4518.3
2017-08-11,4826.27,4439.88,4518.3,876.36,3970698.36,4712.17
2017-08-12,5175.93,4676.35,4712.17,667.59,3311375.4,4998.31
2017-08-13,5541.74,4994.46,4998.31,1483.87,7737186.43,5358.43
2017-08-14,5669.87,5168.49,5358.43,575.08,3150910.69,5669.84
2017-08-15,5737.37,5089.33,5669.84,1436.83,7748736.65,5383.79
2017-08-16,5701.95,5204.93,5383.79,814.36,4448577.73,5621.25
2017-08-17,5825.48,5505.11,5621.25,685.54,3868591.31,5629.03
2017-08-18,5704.42,5184.37,5629.03,1107.77,6058437.0,5429.29
2017-08-19,5651.2,5167.25,5429.29,914.17,4871951.76,5483.11
2017-08-20,5585.98,5275.75,5483.11,1062.26,5673503.04,5348.81
2017-08-21,5489.7,5229.91,5348.81,981.45,5192290.63,5246.8
2017-08-22,5337.88,4992.76,5246.8,1583.46,8100549.38,5208.36
2017-08-23,5507.45,5139.36,5208.36,605.22,3239950.75,5342.44
2017-08-24,5489.38,5262.02,5342.44,353.01,1889983.65,5462.5
2017-08-25,5590.77,5279.02,5462.5,717.27,3925237.16,5550.81
2017-08-26,5574.24,5436.6,5550.81,318.6,1753542.05,5513.19
2017-08-27,5566.26,5444.16,5513.19,232.71,1280918.27,5511.33
2017-08-28,5558.28,5381.01,5511.33,463.83,2533308.12,5506.84
2017-08-29,5814.74,5479.89,5506.84,755.74,4258990.07,5781.76
2017-08-30,5887.21,5663.39,5781.76,508.28,2943245.79,5808.52
2017-08-31,6095.79,5808.52,5808.52,518.75,3106044.03,6022.91
2017-09-01,6179.52,5990.39,6022.91,836.2,5075529.65,6177.03
2017-09-02,6218.19,5722.83,6177.03,714.25,4237571.4,5924.13
2017-09-03,6039.84,5708.74,5924.13,510.36,2974496.23,5857.9
2017-09-04,5863.32,5343.3,5857.9,867.03,4888272.04,5644.82
2017-09-05,5770.11,5318.05,5644.82,943.32,5221504.01,5684.08
2017-09-06,5928.67,5653.37,5684.08,611.68,3572070.73,5883.34
2017-09-07,5928.09,5706.16,5883.34,521.55,3021383.07,5840.17
2017-09-08,5890.63,5370.46,5840.17,1113.58,6151755.67,5679.84
2017-09-09,5679.84,5357.94,5679.84,440.17,2400710.76,5491.58
2017-09-10,5492.28,5142.9,5491.58,775.26,4123768.95,5351.42
2017-09-11,5436.99,5210.52,5351.42,591.76,3135539.49,5289.03
2017-09-12,5468.19,5207.47,5289.03,704.71,3747790.1,5233.51
2017-09-13,5305.66,4853.89,5233.51,1478.1,7429071.14,4982.82
2017-09-14,5006.84,4221.87,4982.82,2150.15,9867249.17,4260.09
2017-09-15,4978.28,3818.23,4260.09,2137.13,9474574.81,4744.54
2017-09-16,5051.4,4677.24,4744.54,791.78,3780932.63,4745.82
2017-09-17,4854.05,4613.49,4745.82,414.58,1963095.1,4783.64
2017-09-18,5377.27,4726.31,4783.64,999.6,5058701.54,5239.22
2017-09-19,5272.22,4928.74,5239.22,861.13,4355266.18,4984.46
2017-09-20,5158.23,4845.82,4984.46,654.45,3252304.11,5011.63
2017-09-21,5120.96,4527.62,5011.63,1302.46,6171145.15,4589.07
2017-09-22,4770.86,4488.95,4589.07,533.09,2453996.22,4616.2
2017-09-23,4903.92,4497.59,4616.2,376.7,1784186.32,4764.57
2017-09-24,4865.84,4597.95,4764.57,384.83,1790596.55,4623.19
2017-09-25,5026.86,4603.33,4623.19,840.71,4086049.37,4973.72
2017-09-26,5153.9,4864.37,4973.72,402.63,1995179.06,4924.59
2017-09-27,5325.24,4875.97,4924.59,888.43,4529571.64,5323.96
2017-09-28,5394.49,5228.16,5323.96,538.7,2859604.58,5328.48
2017-09-29,5376.99,5092.41,5328.48,572.6,3011070.67,5260.87
2017-09-30,5601.73,5250.3,5260.87,456.14,2457182.44,5408.85
2017-10-01,5546.78,5384.11,5408.85,438.36,2385502.11,5543.59
2017-10-02,5786.97,5510.35,5543.59,487.95,2722258.19,5566.5
2017-10-03,5628.22,5421.12,5566.5,735.8,4041196.83,5494.96
2017-10-04,5526.1,5253.76,5494.96,833.58,4428689.32,5313.31
2017-10-05,5590.83,5251.99,5313.31,500.69,2730759.68,5565.71
2017-10-06,5702.06,5484.79,5565.71,509.99,2847169.77,5547.05
2017-10-07,5636.9,5496.26,5547.05,345.36,1915951.53,5593.8
2017-10-08,5890.03,5577.54,5593.8,484.06,2790652.1,5873.36
2017-10-09,6186.58,5842.06,5873.36,789.45,4715488.5,6070.14
2017-10-10,6215.68,6027.22,6070.14,610.15,3735656.22,6043.11
2017-10-11,6180.24,6020.95,6043.11,523.57,3196517.66,6082.64
2017-10-12,6863.48,6078.01,6082.64,744.65,4881812.13,6862.03
2017-10-13,7398.44,6770.62,6862.03,1136.93,8065524.21,7130.58
2017-10-14,7280.02,6951.75,7130.58,361.1,2576913.24,7272.76
2017-10-15,7341.29,6860.25,7272.76,323.72,2299193.64,7166.59
2017-10-16,7219.74,7019.05,7177.34,422.41,3011364.9,7219.74
2017-10-17,7226.64,7005.03,7219.74,301.62,2140783.75,7077.29
2017-10-18,7106.37,6479.2,7077.37,503.76,3439467.95,7098.37
2017-10-19,7237.24,7006.13,7098.51,421.17,3012511.05,7189.99
2017-10-20,7689.47,7117.38,7189.99,627.93,4681848.19,7670.24
2017-10-21,7746.87,7569.28,7670.08,719.55,5526344.9,7652.5
2017-10-22,7700.64,7353.52,7652.5,390.23,2944357.19,7620.09
2017-10-23,7679.82,7318.59,7613.95,604.23,4528575.29,7469.83
2017-10-24,7532.19,7068.74,7473.21,701.69,5093938.75,7129.32
2017-10-25,7429.18,7028.04,7138.69,788.43,5624740.64,7425.41
2017-10-26,7758.12,7332.33,7425.41,477.85,3625908.77,7663.98
2017-10-27,7770.71,7403.02,7664.84,399.69,3023170.3,7507.23
2017-10-28,7637.23,7366.98,7507.23,215.74,1621566.73,7445.11
2017-10-29,8098.65,7400.81,7445.11,842.05,6532836.69,7987.46
2017-10-30,7994.71,7890.64,7987.46,435.09,3451020.34,7946.6
2017-10-31,8450.14,7888.39,7945.32,593.18,4854938.83,8436.2
2017-11-01,8969.9,8278.71,8436.2,803.76,6912567.19,8905.95
2017-11-02,9736.96,8846.09,8902.86,1419.4,12952530.87,9327.58
2017-11-03,9668.44,9114.86,9327.58,820.05,7717709.82,9378.52
2017-11-04,9635.76,9144.98,9378.52,431.75,4055895.93,9479.89
2017-11-05,9889.16,9395.57,9479.89,498.26,4824002.34,9694.48
2017-11-06,9721.13,8896.4,9700.85,886.49,8224069.16,8999.93
2017-11-07,9344.29,8994.67,9001.05,478.87,4381399.76,9133.9
2017-11-08,10073.78,9069.84,9133.9,1555.91,14925487.25,9561.4
2017-11-09,9587.18,9105.87,9561.4,697.45,6461339.91,9179.86
2017-11-10,9328.81,8266.25,9179.86,1592.65,14004164.83,8569.48
2017-11-11,9051.66,7904.33,8567.62,1091.68,8990967.24,8018.11
2017-11-12,8299.81,7015.04,8018.47,1936.66,14950536.86,7505.42
2017-11-13,8983.28,7426.8,7505.42,784.75,6471693.85,8397.49
2017-11-14,8691.9,8299.06,8399.51,571.06,4840474.03,8460.63
2017-11-15,9436.49,8454.51,8460.63,692.21,6297533.07,9412.65
2017-11-16,10207.7,9291.69,9416.09,905.7,8854903.45,10166.0
2017-11-17,10282.12,9805.3,10166.17,749.82,7553596.18,9845.85
2017-11-18,10106.0,9518.0,9853.04,548.95,5413747.16,10084.11
2017-11-19,10359.33,9949.75,10084.5,823.92,8310893.07,10286.49
2017-11-20,10728.03,10216.23,10285.79,714.16,7510583.4,10683.69
2017-11-21,10791.57,10200.68,10683.69,807.73,8523096.25,10474.27
2017-11-22,10681.85,10386.3,10476.32,447.31,4725801.07,10584.99
2017-11-23,10633.09,10359.0,10585.7,651.91,6843962.18,10366.25
2017-11-24,10613.5,10285.81,10356.37,584.31,6111015.99,10464.09
2017-11-25,11093.6,10376.69,10464.09,607.15,6590355.19,11093.6
2017-11-26,12014.26,11034.76,11093.6,882.05,10180200.31,11839.48
2017-11-27,12410.23,11839.44,11839.44,783.84,9552053.0,12410.11
2017-11-28,12853.57,12279.33,12410.11,1010.38,12729837.92,12761.82
2017-11-29,14697.02,11914.32,12763.83,2694.48,36171984.15,12905.44
2017-11-30,14203.13,12034.71,12905.44,986.71,12727923.0,13234.88
2017-12-01,13993.48,12561.06,13234.88,754.75,10127122.48,13884.7
2017-12-02,14245.16,13683.05,13884.46,426.46,5958608.27,13887.5
2017-12-03,15097.23,13772.24,13887.56,825.68,11984122.67,14583.13
2017-12-04,14886.7,14348.88,14582.63,674.98,9818565.46,14852.22
2017-12-05,15357.43,14735.27,14852.43,556.14,8377507.92,15275.92
2017-12-06,17741.96,15171.62,15275.92,1096.92,18032557.76,17689.2
2017-12-07,20943.59,16803.74,17729.66,2229.5,42536807.16,20459.35
2017-12-08,20888.65,16630.9,20459.35,1709.23,32659752.45,19596.74
2017-12-09,19607.02,16507.76,19534.45,1116.83,20408066.79,18381.28
2017-12-10,19357.77,16302.27,18381.28,1337.11,24340522.01,19003.6
2017-12-11,21751.34,19003.63,19013.05,1340.35,27412204.45,21146.96
2017-12-12,21996.55,20461.15,21155.26,923.07,19692916.38,21486.87
2017-12-13,21779.05,19749.33,21486.87,745.79,15605899.4,20697.18
2017-12-14,21007.47,19870.75,20697.18,474.85,9727733.91,20837.75
2017-12-15,22198.99,20657.59,20692.49,895.74,19465683.49,22112.67
2017-12-16,25015.08,21975.87,21985.67,988.11,23237239.19,24886.52
2017-12-17,24997.31,23995.28,24887.61,500.32,12251830.51,24486.02
2017-12-18,24507.21,23099.24,24485.73,783.72,18577720.59,23957.65
2017-12-19,24390.27,21532.5,23957.65,1004.74,23407749.07,22467.94
2017-12-20,22907.69,17103.47,22468.95,1429.17,30024476.28,21374.02
2017-12-21,22095.9,19207.53,21374.02,873.78,17953522.82,19879.51
2017-12-22,20094.57,13296.93,19879.51,2640.36,45257010.42,18514.25
2017-12-23,20483.98,17994.47,18505.93,811.1,15713426.68,19231.73
2017-12-24,19402.18,17431.08,19231.73,539.19,9802139.51,18322.36
2017-12-25,19005.73,17770.06,18322.36,325.34,5973732.97,18293.79
2017-12-26,20508.83,18177.37,18293.79,483.13,9558787.61,20157.12
2017-12-27,20932.85,18788.04,20171.97,424.15,8473658.4,19762.91
2017-12-28,19807.37,18097.69,19762.91,464.18,8735150.56,18726.28
2017-12-29,19500.18,18317.37,18726.28,445.17,8485017.23,19051.92
2017-12-30,19292.45,16723.1,19051.92,700.51,12401338.74,16843.25
2017-12-31,18667.19,16808.25,16887.89,397.31,7081407.61,18323.54
2018-01-01,18518.2,17092.04,18323.54,527.43,9351955.28,17611.39
2018-01-02,18908.73,16923.67,17596.8,897.24,16094882.13,18382.94
2018-01-03,19070.14,18162.46,18382.94,507.26,9528561.6,18837.62
2018-01-04,18999.58,17995.08,18837.06,707.18,13207950.86,18897.7
2018-01-05,20373.87,18424.76,18897.7,1030.08,20022570.88,20287.39
2018-01-06,21206.03,19901.47,20287.39,499.21,10174257.98,20872.56
2018-01-07,20908.74,15195.92,20872.62,812.84,16007921.81,19809.39
2018-01-08,20478.82,17564.47,19807.46,698.57,13101697.65,18733.07
2018-01-09,19029.19,17792.19,18733.07,488.45,9048654.57,18334.02
2018-01-10,18438.59,17221.17,18130.72,757.46,13549087.29,18437.15
2018-01-11,18449.9,16491.25,18437.15,721.82,12567271.03,16967.63
2018-01-12,17925.89,16557.01,16976.36,654.86,11352371.91,17366.83
2018-01-13,18047.76,17217.03,17370.19,424.62,7525901.92,17714.44
2018-01-14,18051.11,16981.44,17710.61,480.99,8365298.0,17346.06
2018-01-15,17963.29,16819.86,17341.0,380.56,6641176.33,17328.83
2018-01-16,17337.17,12477.05,17318.71,1944.35,28560882.32,14461.89
2018-01-17,14879.76,11811.43,14461.2,1747.08,23026625.16,14084.19
2018-01-18,15427.77,13757.17,13928.88,986.46,14544782.53,14483.03
2018-01-19,15784.66,14291.0,14579.48,745.17,10950405.13,14495.89
2018-01-20,16100.45,14486.27,14489.23,761.5,11918462.42,15915.93
2018-01-21,15924.1,14301.46,15911.01,502.68,7525837.78,14853.43
2018-01-22,14964.43,12966.96,14855.05,826.51,11443496.92,13766.58
2018-01-23,14280.19,12964.78,13768.68,1099.16,15206595.28,13938.12
2018-01-24,14251.32,13353.92,13938.12,495.89,6919698.8,14178.11
2018-01-25,14353.07,13606.01,14178.11,523.86,7393166.97,14100.18
2018-01-26,14298.99,13089.56,14100.58,535.76,7424872.9,13869.98
2018-01-27,14345.54,13669.27,13869.98,391.62,5538994.48,14216.95
2018-01-28,14787.13,14126.49,14216.34,639.3,9254373.35,14611.25
2018-01-29,14710.52,13622.16,14611.25,566.66,7966374.33,13977.17
2018-01-30,14062.46,12124.89,13978.36,1093.19,14081003.31,12336.65
2018-01-31,12464.08,11864.46,12336.65,680.6,8311068.45,12297.2
2018-02-01,12368.14,10176.11,12295.97,1547.08,16937114.02,10471.24
2018-02-02,11089.09,9359.6,10483.86,1782.39,18332793.89,11025.05
2018-02-03,12008.15,10108.65,11024.51,693.92,7744952.89,11436.34
2018-02-04,11565.96,9958.15,11436.34,860.37,9223303.34,10330.89
2018-02-05,10552.84,8030.69,10328.59,2045.1,18060984.87,8380.17
2018-02-06,9540.7,6531.94,8380.17,2836.19,22737987.24,9276.82
2018-02-07,10624.79,8595.49,9279.4,1050.01,10306075.33,9167.08
2018-02-08,10511.08,9170.92,9217.57,691.25,7032306.17,10299.4
2018-02-09,10625.05,9815.59,10299.4,823.72,8524549.01,10579.4
2018-02-10,11141.07,10234.97,10616.3,667.51,7141009.21,10723.62
2018-02-11,10723.62,9725.38,10723.62,424.86,4393377.88,10338.87
2018-02-12,11160.8,10330.89,10334.56,701.99,7649263.32,11072.82
2018-02-13,11103.44,10661.82,11072.82,509.7,5546149.18,10872.25
2018-02-14,11846.86,10742.79,10872.25,826.34,9337127.06,11818.96
2018-02-15,12792.29,11593.02,11818.96,1101.64,13492540.51,12716.65
2018-02-16,12862.84,12133.34,12716.65,485.8,6153236.94,12716.91
2018-02-17,14383.58,12708.96,12716.91,839.7,11393280.65,14206.45
2018-02-18,14432.13,13272.71,14206.45,839.12,11446677.58,13418.97
2018-02-19,14317.4,13217.88,13418.97,403.19,5511691.34,14007.73
2018-02-20,14853.58,13757.79,14007.73,645.8,9179289.36,14036.15
2018-02-21,14205.79,13003.37,14036.15,685.89,9317770.76,13332.53
2018-02-22,13958.74,12436.74,13332.53,606.96,7964095.51,12638.05
2018-02-23,13305.92,12292.21,12595.64,435.66,5604367.61,13080.98
2018-02-24,13498.09,12220.27,13080.98,384.1,4892135.59,12654.56
2018-02-25,12818.83,11848.81,12654.56,456.83,5552133.45,12243.6
2018-02-26,13239.76,11860.65,12243.6,474.8,6075732.49,12912.29
2018-02-27,13793.16,12753.02,12960.47,653.04,8760235.15,13503.42
2018-02-28,14034.95,12720.39,13502.05,341.93,4540823.45,12742.83
2018-03-01,13936.58,12621.15,12742.83,559.67,7546672.98,13840.44
2018-03-02,14182.78,13609.31,13842.72,369.84,5150797.78,14033.46
2018-03-03,15051.12,13906.28,14033.46,519.44,7432515.63,14498.84
2018-03-04,14664.25,13934.79,14498.84,333.15,4712106.69,14387.58
2018-03-05,14824.04,14323.57,14387.58,370.91,5430343.56,14701.59
2018-03-06,14765.61,13745.33,14701.59,785.51,11046932.51,13878.62
2018-03-07,14007.0,12697.02,13878.62,1049.43,14031586.97,13168.43
2018-03-08,13403.22,12470.41,13168.43,738.51,9384021.34,12510.19
2018-03-09,12984.33,11586.33,12510.12,1101.92,13261115.35,12550.95
2018-03-10,12931.66,11596.87,12620.04,664.36,8065657.35,11892.97
2018-03-11,12942.23,11256.25,11892.97,398.39,4835103.84,12721.67
2018-03-12,12988.86,11566.04,12796.18,694.25,8450085.83,12080.9
2018-03-13,12444.24,11779.25,12080.9,480.14,5749677.74,11972.82
2018-03-14,12235.39,10598.9,11972.82,1289.66,14608454.92,10843.69
2018-03-15,11023.44,10470.19,10846.41,1288.76,13802451.11,10771.52
2018-03-16,11363.92,10682.89,10772.45,908.75,9938473.94,11031.87
2018-03-17,11529.53,10288.24,11031.62,713.03,7573045.24,10540.55
2018-03-18,11055.26,9687.76,10541.91,1307.06,13247879.83,10882.76
2018-03-19,11483.72,10767.82,10881.34,1153.03,12586272.22,11304.89
2018-03-20,11916.17,11032.43,11304.89,607.89,6789380.22,11760.75
2018-03-21,12153.33,11382.96,11760.75,584.27,6653954.4,11634.92
2018-03-22,12246.16,11071.56,11634.92,525.24,5760557.02,11441.59
2018-03-23,11535.55,10938.04,11441.59,634.66,6924529.37,11447.65
2018-03-24,12156.02,11177.55,11447.65,241.38,2789829.14,11177.55
2018-03-25,11736.09,11031.17,11177.55,215.32,2408653.34,11203.77
2018-03-26,11259.1,10399.44,11203.77,876.7,9061362.72,10843.47
2018-03-27,10898.05,10291.12,10843.47,709.76,6994213.23,10341.38
2018-03-28,10880.36,10334.4,10341.38,514.27,5089512.93,10508.75
2018-03-29,10597.4,9328.54,10508.75,1519.78,14645374.4,9422.28
2018-03-30,9575.22,8850.52,9421.51,1011.15,9281644.72,9103.15
2018-03-31,9809.31,9051.97,9103.15,339.63,3163603.73,9204.24
2018-04-01,9406.07,8545.77,9204.24,393.65,3501858.73,8956.08
2018-04-02,9424.23,8869.31,8956.08,746.69,6730294.9,9141.17
2018-04-03,9760.45,9023.21,9141.17,936.51,8078882.45,9586.28
2018-04-04,10269.49,8761.97,9586.28,539.18,4747652.83,8860.53
2018-04-05,9112.31,8600.11,8860.53,612.62,5267257.62,8799.48
2018-04-06,8827.95,8475.77,8799.48,339.47,2776452.35,8583.44
2018-04-07,9438.07,8490.38,8583.44,333.48,2911565.64,8877.44
2018-04-08,9708.24,8821.56,8877.44,417.25,3724525.43,9002.26
2018-04-09,9800.48,8575.27,9002.26,530.07,4514528.13,8704.11
2018-04-10,9337.41,8444.33,8700.03,414.16,3453157.58,8744.97
2018-04-11,9487.64,8626.25,8752.88,371.43,3177133.68,8825.71
2018-04-12,9999.35,8697.24,8825.71,1070.24,9736959.3,9982.2
2018-04-13,10339.34,9767.51,9982.2,828.68,8275031.95,9930.25
2018-04-14,10393.7,9895.05,9930.25,174.76,1767147.85,10195.7
2018-04-15,10505.49,10022.19,10174.5,419.88,4247667.16,10468.3
2018-04-16,11034.43,9950.75,10468.3,489.03,4703689.72,10295.05
2018-04-17,10622.8,9962.51,10290.39,473.69,4576936.98,10105.23
2018-04-18,10992.08,10016.23,10105.23,456.4,4265047.29,10307.72
2018-04-19,10562.44,10147.39,10307.72,495.39,4763154.12,10278.17
2018-04-20,11331.36,10191.83,10381.75,477.84,5089295.94,11163.26
2018-04-21,11423.87,10723.53,11163.26,324.33,3606080.56,11233.48
2018-04-22,11505.69,10895.37,11233.48,225.28,2507085.52,11204.21
2018-04-23,11668.84,10903.26,11180.41,400.1,4158285.56,11388.11
2018-04-24,12551.04,11263.25,11388.11,682.15,7850007.49,12551.04
2018-04-25,12606.61,11077.43,12551.04,664.87,7585832.58,11252.05
2018-04-26,12187.59,10964.9,11261.89,545.46,6173609.23,12028.06
2018-04-27,12330.67,11689.09,12028.09,349.09,4166610.57,11792.84
2018-04-28,12366.72,11677.51,11792.84,199.85,2411187.92,12076.3
2018-04-29,12588.33,12030.58,12076.3,300.15,3550736.28,12269.48
2018-04-30,12444.07,11920.21,12270.8,198.04,2384711.65,12103.55
2018-05-01,12140.12,11605.15,12103.55,550.24,6473572.34,11935.79
2018-05-02,12247.2,11769.22,11935.79,297.11,3484378.08,12142.08
2018-05-03,12535.84,11797.18,12142.08,616.88,7328669.77,12526.35
2018-05-04,12658.14,12124.95,12526.35,488.72,6062429.68,12568.34
2018-05-05,12855.8,12432.08,12568.34,426.7,4820829.13,12585.67
2018-05-06,12771.03,12156.28,12687.2,477.27,5714288.4,12365.52
2018-05-07,12618.57,11744.04,12365.52,402.87,4648996.64,11908.14
2018-05-08,12694.78,11745.55,11908.14,451.52,5170512.97,12033.23
2018-05-09,12373.75,11504.73,12033.23,261.71,3039085.58,12027.19
2018-05-10,12143.51,11614.55,12027.19,348.68,4001256.07,11614.82
2018-05-11,11679.51,10819.36,11614.82,415.54,4615677.5,10822.71
2018-05-12,11219.99,10677.57,10822.71,371.4,4036990.19,11082.4
2018-05-13,11665.78,10855.22,11082.4,256.94,2774570.73,11319.04
2018-05-14,11334.12,10678.56,11319.04,547.82,5685887.73,11029.7
2018-05-15,11647.94,10812.96,10988.77,423.21,4483881.77,10824.19
2018-05-16,11239.56,10582.83,10837.92,504.91,5279445.67,10784.59
2018-05-17,11282.9,10368.41,10784.59,389.57,4019148.17,10519.85
2018-05-18,10815.5,10260.4,10550.05,424.12,4217560.97,10566.91
2018-05-19,11210.87,10446.37,10593.42,215.63,2273583.11,10503.45
2018-05-20,11333.68,10182.19,10503.45,529.38,5147226.33,10600.78
2018-05-21,11532.77,10582.72,10600.78,270.83,2824621.1,10790.23
2018-05-22,11230.49,10291.38,10790.23,438.97,4351001.16,10399.79
2018-05-23,10419.71,9861.28,10399.79,658.7,6602968.17,9874.4
2018-05-24,10173.89,9699.77,9874.4,389.88,3857251.35,9918.16
2018-05-25,10092.9,9564.79,9918.16,298.42,2929244.79,9797.74
2018-05-26,9998.33,9610.87,9797.74,177.34,1746225.96,9693.04
2018-05-27,9774.36,9363.19,9642.28,130.78,1256626.3,9774.36
2018-05-28,9799.65,9253.05,9774.36,466.98,4467219.41,9269.37
2018-05-29,9826.42,9198.12,9269.39,350.25,3367719.56,9721.84
2018-05-30,9958.22,9370.46,9666.72,209.8,2039840.27,9587.87
2018-05-31,10366.99,9492.84,9587.87,313.56,3065142.36,9831.13
2018-06-01,10470.37,9577.24,9831.13,206.23,2006597.9,9789.8
2018-06-02,10503.32,9682.25,9789.8,238.11,2345667.98,9928.55
2018-06-03,10091.32,9788.1,9933.17,169.38,1681373.57,9950.38
2018-06-04,10504.21,9710.41,9950.38,254.37,2507062.1,9809.61
2018-06-05,10289.26,9634.85,9814.04,243.06,2387628.07,9900.02
2018-06-06,10498.91,9738.26,9900.02,248.14,2451373.6,9888.85
2018-06-07,10208.92,9864.34,9888.85,184.23,1838540.96,10087.4
2018-06-08,10564.78,9856.09,10087.4,126.35,1259919.78,9957.26
2018-06-09,10565.7,9821.99,9957.26,128.67,1276644.21,9879.04
2018-06-10,10063.76,8788.13,9879.04,232.45,2124519.16,8867.39
2018-06-11,9186.49,8867.39,8867.39,344.9,3111115.58,9082.42
2018-06-12,9592.34,8577.68,9081.17,485.06,4313088.58,8739.28
2018-06-13,8949.51,8334.75,8739.28,472.17,4026779.79,8377.8
2018-06-14,9158.8,8325.36,8374.36,380.91,3296844.1,8788.89
2018-06-15,9401.92,8408.57,8788.89,310.38,2681419.29,8553.92
2018-06-16,9214.29,8368.5,8553.92,331.24,2854798.88,8766.34
2018-06-17,9366.68,8607.4,8765.6,117.58,1029744.1,8739.42
2018-06-18,9303.49,8661.98,8738.58,406.46,3613285.38,9084.37
2018-06-19,9613.46,8820.05,9084.37,173.53,1564188.24,9143.43
2018-06-20,9247.53,8702.49,9143.43,192.14,1730411.98,9117.28
2018-06-21,9273.9,8989.87,9117.28,186.86,1702005.53,9177.17
2018-06-22,9249.0,8035.81,9177.17,378.6,3225993.2,8210.46
2018-06-23,8689.59,7856.28,8210.46,156.99,1328323.01,8626.76
2018-06-24,8675.37,7892.18,8626.76,301.82,2492711.76,8628.14
2018-06-25,9082.34,8347.14,8628.14,230.81,1968693.86,8677.22
2018-06-26,9134.04,8297.76,8677.22,214.11,1808917.49,8364.32
2018-06-27,8958.52,8205.96,8364.32,266.16,2210450.82,8357.82
2018-06-28,9002.62,7928.94,8353.37,202.35,1656899.66,7942.34
2018-06-29,8562.65,7664.73,7942.34,418.73,3316783.81,8189.59
2018-06-30,8558.62,8036.42,8189.59,362.85,3053417.69,8461.83
2018-07-01,8524.35,8071.62,8461.83,121.47,1016006.27,8403.32
2018-07-02,8898.47,8061.41,8403.32,453.95,3917316.12,8879.65
2018-07-03,8899.32,8545.82,8879.65,361.4,3162699.38,8691.83
2018-07-04,8962.89,8290.02,8691.4,258.32,2228844.8,8679.86
2018-07-05,8939.08,8394.09,8679.86,204.56,1792162.83,8712.91
2018-07-06,8847.32,7936.91,8712.91,170.6,1441472.8,8656.18
2018-07-07,8979.44,8160.04,8656.18,470.56,4165390.81,8979.44
2018-07-08,9097.18,8838.32,8979.44,154.19,1377427.75,8947.55
2018-07-09,9049.01,8815.7,8947.55,121.02,1072594.75,8870.58
2018-07-10,8997.64,8386.81,8870.58,280.37,2441856.82,8571.13
2018-07-11,9003.47,8289.45,8571.13,370.74,3181352.86,8633.1
2018-07-12,8829.74,8224.86,8633.1,309.06,2598313.1,8350.1
2018-07-13,8950.56,8350.1,8350.1,222.96,1884174.66,8534.43
2018-07-14,8986.65,8269.33,8534.43,111.13,947802.23,8512.56
2018-07-15,9173.69,8463.28,8512.56,111.36,955833.46,8604.08
2018-07-16,9243.28,8397.98,8604.08,309.51,2709286.3,8897.65
2018-07-17,9976.57,8805.51,8896.88,870.02,8314476.89,9857.75
2018-07-18,10136.85,9818.92,9857.75,768.05,7656033.68,9907.17
2018-07-19,10438.45,9638.56,9907.17,371.5,3703845.37,10019.36
2018-07-20,10543.04,9838.31,10019.36,688.42,6892089.32,9983.5
2018-07-21,10217.67,9817.27,9983.5,252.0,2493980.46,10016.82
2018-07-22,10148.85,9874.09,10016.82,275.64,2746431.43,9924.13
2018-07-23,10399.45,9698.87,9924.13,400.5,4110419.96,10353.83
2018-07-24,11296.86,10249.89,10353.83,609.53,6582524.03,11292.99
2018-07-25,11434.84,10752.93,11292.99,544.89,5984852.72,10915.85
2018-07-26,11080.24,10348.44,10915.85,301.98,3232064.94,10524.14
2018-07-27,11136.01,10371.91,10526.64,179.49,1921405.15,10882.82
2018-07-28,11393.33,10495.27,10882.82,137.76,1498817.39,10860.99
2018-07-29,11441.52,10821.04,10860.99,212.33,2319639.87,10965.56
2018-07-30,11149.51,10557.9,10965.56,334.24,3628829.1,10967.24
2018-07-31,11140.76,10315.39,10968.01,363.42,3844344.2,10416.56
2018-08-01,10447.55,9963.28,10416.56,482.13,4898611.06,10159.77
2018-08-02,10809.59,9977.79,10159.77,200.37,2027671.44,10180.13
2018-08-03,10407.22,9781.13,10187.09,251.83,2501389.84,9963.61
2018-08-04,10465.77,9260.63,9963.61,206.15,1969355.34,9439.15
2018-08-05,9963.52,9226.74,9439.15,186.18,1749143.1,9547.61
2018-08-06,9889.82,9210.87,9564.13,251.55,2358841.14,9448.12
2018-08-07,9811.15,9172.72,9448.12,553.22,5174780.72,9303.22
2018-08-08,9743.85,8513.66,9303.22,392.56,3481705.86,8813.17
2018-08-09,9192.87,8653.75,8810.62,327.34,2887157.59,9058.4
2018-08-10,9189.36,8596.25,9058.4,396.28,3470876.45,8647.55
2018-08-11,8953.34,8358.57,8647.55,629.67,5405155.93,8511.52
2018-08-12,9028.61,8452.34,8511.52,226.45,1958849.71,8737.58
2018-08-13,9264.96,8560.47,8737.58,280.11,2448405.12,8682.74
2018-08-14,8777.9,8174.02,8682.74,398.17,3338116.31,8523.61
2018-08-15,9016.87,8425.35,8523.61,308.6,2699522.3,8590.03
2018-08-16,9198.54,8504.74,8590.03,344.31,2989936.09,8773.13
2018-08-17,9007.94,8652.54,8773.13,329.95,2898694.66,8851.75
2018-08-18,9264.44,8417.02,8845.11,241.37,2120736.89,8771.9
2018-08-19,9194.89,8530.18,8771.9,143.27,1251591.8,8886.97
2018-08-20,9265.9,8616.84,8886.97,338.5,2974402.55,8685.59
2018-08-21,9165.14,8495.67,8685.69,214.96,1856678.41,8799.26
2018-08-22,9520.1,8634.31,8799.26,729.42,6486165.42,8782.87
2018-08-23,9136.3,8638.88,8782.87,219.5,1930224.82,8975.58
2018-08-24,9356.04,8598.39,8975.58,333.54,2988754.98,9100.33
2018-08-25,9546.28,8959.76,9191.82,172.13,1577879.17,9170.78
2018-08-26,9497.11,8776.08,9170.78,197.97,1801569.81,9075.46
2018-08-27,9572.1,9052.53,9075.46,358.99,3295254.85,9428.19
2018-08-28,9734.72,9295.35,9427.67,217.96,2062358.27,9587.18
2018-08-29,9982.15,9390.04,9587.18,315.36,3000743.76,9473.43
2018-08-30,9838.97,9226.72,9473.43,287.11,2682697.8,9421.07
2018-08-31,9871.08,9355.69,9421.07,224.36,2123919.83,9554.65
2018-09-01,10010.71,9349.32,9542.18,148.12,1421194.86,9722.91
2018-09-02,9982.58,9566.19,9738.44,213.59,2085236.01,9929.94
2018-09-03,10284.74,9700.44,9929.94,215.46,2102455.7,9841.32
2018-09-04,10386.01,9742.31,9841.32,305.85,3039771.78,10045.95
2018-09-05,10481.43,9239.64,10045.95,582.81,5678563.56,9306.73
2018-09-06,9319.34,8613.91,9319.34,447.24,4005472.69,9109.38
2018-09-07,9550.88,8649.27,9109.38,446.49,4012874.01,8952.02
2018-09-08,9280.89,8606.64,8952.02,272.43,2404314.93,8754.54
2018-09-09,9199.0,8321.58,8754.34,186.05,1647877.11,9002.43
2018-09-10,9125.13,8541.49,9002.43,290.09,2558295.1,8880.38
2018-09-11,9109.11,8695.63,8880.38,251.73,2211131.42,8769.97
2018-09-12,8903.88,8466.14,8769.97,257.69,2218553.59,8903.88
2018-09-13,9148.34,8404.92,8903.88,322.04,2839351.44,8877.61
2018-09-14,9214.52,8736.89,8876.3,377.84,3380626.79,8938.47
2018-09-15,9234.01,8804.22,8938.47,194.16,1730012.68,9033.36
2018-09-16,9222.6,8476.06,9033.36,145.15,1292974.84,8990.43
2018-09-17,9207.05,8588.5,8990.43,366.13,3179490.11,8654.76
2018-09-18,8937.63,8260.99,8654.25,278.48,2381497.17,8567.79
2018-09-19,8978.58,8211.33,8573.37,332.41,2868644.05,8809.6
2018-09-20,9035.97,8380.39,8809.6,232.41,2027262.95,8790.84
2018-09-21,9435.33,8643.73,8790.84,338.91,3046917.67,9259.91
2018-09-22,9403.78,8609.02,9259.91,136.77,1254577.8,9199.68
2018-09-23,9343.37,8667.53,9199.68,297.88,2741214.44,9256.23
2018-09-24,9288.41,8939.34,9256.23,200.41,1816880.38,8975.01
2018-09-25,9067.57,8318.27,8975.01,256.08,2256524.25,8828.58
2018-09-26,9087.69,8391.32,8828.58,348.16,3090795.48,8930.15
2018-09-27,9268.63,8421.32,8930.15,302.05,2711654.1,9119.43
2018-09-28,9301.19,8750.76,9119.43,431.09,3931080.24,8982.4
2018-09-29,9172.4,8513.99,8982.4,118.29,1047287.64,8939.02
2018-09-30,9251.39,8560.84,8939.02,278.44,2490233.24,8937.26
2018-10-01,9202.23,8494.05,8937.26,280.78,2520437.64,9006.18
2018-10-02,9165.04,8488.6,9006.18,183.92,1613164.24,8846.76
2018-10-03,9064.93,8625.8,8846.76,185.41,1627588.95,8790.13
2018-10-04,9235.04,8006.43,8788.45,494.33,4277482.69,8729.64
2018-10-05,9172.75,8068.55,8729.64,281.05,2488141.19,8937.02
2018-10-06,9257.97,8277.1,8937.02,189.78,1705257.54,9103.58
2018-10-07,9216.97,8143.76,9104.23,76.05,687365.27,9185.24
2018-10-08,9385.62,8561.13,9185.24,182.03,1663270.4,9204.39
2018-10-09,9397.63,8497.78,9204.39,151.09,1321782.33,9027.7
2018-10-10,9224.9,8329.95,9027.7,206.38,1787404.35,8872.94
2018-10-11,9010.56,8171.12,8872.94,388.01,3376826.57,8623.57
2018-10-12,8866.38,8175.61,8623.57,311.03,2686580.9,8616.82
2018-10-13,8840.48,8086.78,8616.82,138.44,1185990.8,8565.34
2018-10-14,8890.26,8164.92,8565.34,144.06,1252694.61,8684.74
2018-10-15,9396.96,8463.9,8684.74,686.57,6186722.06,8950.3
2018-10-16,9119.45,8533.33,8950.3,179.7,1570618.52,8720.7
2018-10-17,9052.51,8494.03,8720.7,201.92,1769444.62,8856.74
2018-10-18,9128.93,8430.2,8856.74,169.31,1485250.08,8719.77
2018-10-19,9096.99,8410.98,8719.77,141.91,1246612.95,8777.21
2018-10-20,9140.18,8414.33,8777.21,90.27,791245.88,8774.52
2018-10-21,9223.25,8486.64,8774.52,114.84,1005438.73,8799.92
2018-10-22,9104.51,8383.23,8799.92,200.01,1736862.18,8688.1
2018-10-23,9121.06,8386.21,8688.1,241.82,2109187.45,8811.04
2018-10-24,9018.77,8336.66,8811.04,176.54,1530294.49,8754.5
2018-10-25,9008.33,8296.19,8769.84,235.2,2059387.81,8766.15
2018-10-26,9173.3,8180.56,8766.15,197.58,1679338.87,8562.85
2018-10-27,9071.45,8315.07,8562.85,94.74,832950.98,8883.29
2018-10-28,9250.45,8437.4,8883.29,58.17,513088.52,8780.18
2018-10-29,9161.29,8454.99,8780.18,253.9,2191648.85,8541.82
2018-10-30,8830.06,8316.59,8541.82,156.69,1342465.82,8493.96
2018-10-31,8889.35,8272.85,8493.96,173.17,1487197.37,8621.71
2018-11-01,8925.02,8317.39,8621.71,183.35,1568659.96,8509.65
2018-11-02,9030.47,8359.73,8509.65,166.89,1445324.05,8744.29
2018-11-03,8979.46,8311.68,8744.29,99.61,856236.52,8612.14
2018-11-04,9053.94,8327.47,8631.58,135.58,1184338.74,8520.42
2018-11-05,9151.41,8458.36,8520.42,142.64,1241010.32,8721.97
2018-11-06,9170.52,8417.61,8721.97,200.37,1749204.77,8794.12
2018-11-07,9339.46,8668.35,8794.12,179.97,1580736.61,8793.73
2018-11-08,9224.41,8503.66,8793.73,172.81,1527073.98,8789.93
2018-11-09,9182.69,8383.96,8789.93,150.95,1310369.93,8664.11
2018-11-10,9163.16,8378.57,8664.11,91.39,792977.48,8676.67
2018-11-11,9165.18,8415.86,8676.67,96.23,845104.7,8683.95
2018-11-12,9166.19,8393.2,8683.95,116.71,1011972.79,8632.82
2018-11-13,9016.03,8261.46,8629.45,170.98,1458419.78,8480.78
2018-11-14,8880.06,7819.12,8480.78,491.06,4071478.7,8094.96
2018-11-15,8197.46,7643.05,8094.96,403.18,3183197.13,7852.77
2018-11-16,8025.87,7344.91,7852.77,305.23,2370869.99,7704.25
2018-11-17,7873.26,7302.92,7691.05,123.75,948576.2,7679.88
2018-11-18,7954.09,7419.06,7679.88,151.63,1171721.18,7685.55
2018-11-19,7886.96,6564.48,7685.55,705.35,4982536.19,6666.48
2018-11-20,6897.75,5907.14,6666.48,1162.83,7408808.98,6290.2
2018-11-21,6547.83,5970.3,6292.63,569.23,3507129.93,6294.38
2018-11-22,6814.98,6012.65,6294.38,376.63,2367138.34,6013.72
2018-11-23,6294.98,5574.82,6013.72,731.18,4380679.33,6032.4
2018-11-24,6447.71,5226.85,6032.4,617.71,3559164.38,5331.37
2018-11-25,5721.57,4926.21,5331.37,849.74,4476473.46,5559.82
2018-11-26,5820.6,5060.43,5557.12,627.96,3327121.99,5295.95
2018-11-27,5692.63,4975.82,5295.95,559.28,2839461.65,5278.51
2018-11-28,6203.3,5145.34,5278.51,606.62,3501093.4,5903.03
2018-11-29,6321.4,5682.23,5903.03,425.4,2553456.99,6046.04
2018-11-30,6418.8,5457.88,6046.04,387.63,2199502.15,5547.58
2018-12-01,6050.98,5410.68,5581.26,199.77,1153092.85,5858.84
2018-12-02,6261.18,5556.14,5858.84,342.41,2041760.49,6020.1
2018-12-03,6079.67,5306.22,6020.1,517.34,2843538.71,5426.16
2018-12-04,5762.76,5224.1,5426.16,384.74,2095460.97,5434.96
2018-12-05,5904.02,5253.01,5434.96,291.94,1581502.1,5328.52
2018-12-06,5666.81,4969.94,5328.52,503.26,2647806.79,5051.15
2018-12-07,5051.96,4659.64,5051.15,1214.46,5898803.89,4841.61
2018-12-08,5302.64,4701.23,4841.61,696.85,3413235.06,4829.7
2018-12-09,5229.19,4636.65,4829.7,280.94,1409172.6,5113.7
2018-12-10,5131.15,4694.19,5113.7,276.33,1357664.84,4893.3
2018-12-11,5116.89,4592.99,4893.3,446.89,2161912.2,4826.26
2018-12-12,4957.67,4588.02,4826.26,231.71,1110408.18,4771.19
2018-12-13,4913.65,4534.26,4771.19,472.64,2234245.38,4655.01
2018-12-14,5171.98,4223.04,4655.01,590.74,2672904.28,4519.36
2018-12-15,5064.64,4319.49,4519.36,207.45,935205.72,4498.38
2018-12-16,5122.34,4369.06,4498.38,228.0,1062400.03,4640.47
2018-12-17,5161.59,4461.75,4640.47,447.47,2187344.78,4986.45
2018-12-18,5513.46,4678.34,4986.45,357.74,1815311.54,5255.43
2018-12-19,6154.72,5217.3,5255.43,1151.33,6688531.45,5637.27
2018-12-20,6164.41,5285.86,5637.27,471.22,2727736.56,6005.81
2018-12-21,6289.93,5605.82,6005.81,365.59,2151506.04,5848.02
2018-12-22,6186.63,5392.47,5848.02,201.52,1159995.89,5908.6
2018-12-23,6291.56,5607.97,5908.6,136.19,799806.83,5832.74
2018-12-24,6569.12,5817.48,5832.74,297.86,1796835.85,5957.6
2018-12-25,6073.47,5256.17,5957.6,286.38,1608703.71,5732.53
2018-12-26,6101.72,5309.06,5732.53,102.65,573109.41,5715.04
2018-12-27,6013.42,5221.07,5715.04,202.54,1097863.46,5312.92
2018-12-28,5822.92,5142.11,5312.92,278.53,1567852.73,5737.87
2018-12-29,5921.35,5457.3,5737.87,871.27,4911030.29,5466.39
2018-12-30,5646.59,5289.72,5466.39,242.36,1335800.66,5506.63
2018-12-31,5984.13,5190.0,5506.63,281.24,1522294.29,5335.18
2019-01-01,5895.08,5081.02,5335.18,160.15,848170.01,5440.99
2019-01-02,5709.04,5256.74,5440.99,247.24,1346751.77,5501.02
2019-01-03,6045.24,5189.99,5501.02,169.83,917776.89,5307.53
2019-01-04,5949.23,5205.29,5307.53,210.03,1120137.84,5342.28
2019-01-05,5934.56,5129.92,5342.28,105.99,572959.64,5344.25
2019-01-06,5918.62,5096.91,5344.25,125.9,706591.52,5747.49
2019-01-07,5983.28,5484.35,5747.49,203.51,1142199.11,5600.92
2019-01-08,6230.13,5319.55,5600.92,289.46,1611013.58,5554.96
2019-01-09,6171.95,5299.38,5554.96,194.91,1088398.69,5564.18
2019-01-10,5833.05,4932.65,5564.18,468.46,2450484.42,5006.12
2019-01-11,5473.34,4853.26,5006.12,299.91,1526953.32,5056.28
2019-01-12,5611.76,4916.66,5056.28,131.29,664397.2,5065.18
2019-01-13,5610.48,4652.59,5065.18,225.23,1093219.77,4776.79
2019-01-14,5512.34,4563.19,4776.79,295.81,1505876.88,5152.75
2019-01-15,5670.18,5037.76,5152.75,367.2,1914160.32,5209.37
2019-01-16,5673.87,4895.73,5209.37,267.75,1414879.94,5223.12
2019-01-17,5620.07,4719.54,5223.12,216.06,1090430.25,5034.56
2019-01-18,5618.54,4692.93,5034.56,216.33,1094130.48,5048.45
2019-01-19,5763.1,4800.99,5048.45,141.58,743532.63,4998.97
2019-01-20,5737.22,4674.26,4998.97,98.08,504476.73,4917.53
2019-01-21,5570.92,4665.89,4917.53,109.85,559250.36,5112.79
2019-01-22,5565.29,4874.1,5112.79,115.97,586387.37,5016.22
2019-01-23,5474.57,4762.36,5016.22,121.24,624607.57,5146.04
2019-01-24,5439.64,4747.16,5146.04,103.55,516170.38,4986.04
2019-01-25,5441.37,4723.99,4986.04,121.35,606505.58,5039.84
2019-01-26,5406.32,4731.49,5039.84,76.32,378910.88,4906.63
2019-01-27,5371.18,4662.1,4906.63,78.65,393758.79,4959.93
2019-01-28,5385.75,4477.79,4959.93,228.21,1093792.3,4535.14
2019-01-29,4554.11,4426.84,4535.14,86.85,389174.81,4483.0
2019-01-30,4590.1,4416.2,4483.0,212.03,956982.86,4521.1
2019-01-31,4541.9,4405.9,4521.1,104.15,465642.82,4446.6
2019-02-01,4480.8,4349.8,4446.6,181.57,799256.44,4464.8
2019-02-02,4465.4,4353.0,4464.8,54.24,238522.99,4410.0
2019-02-03,4443.9,4201.1,4410.0,63.46,275541.1,4278.2
2019-02-04,4429.0,4200.1,4278.2,143.05,623579.66,4398.3
2019-02-05,4487.4,4260.3,4398.3,166.47,733667.44,4458.5
2019-02-06,4483.3,4319.2,4458.5,210.44,920735.21,4338.8
2019-02-07,4424.0,4285.6,4338.8,163.97,718889.09,4388.6
2019-02-08,4760.0,4351.6,4388.6,290.13,1319823.21,4694.0
2019-02-09,4738.2,4660.7,4694.0,44.33,208479.27,4734.9
2019-02-10,4735.0,4355.0,4734.9,100.59,463979.9,4629.9
2019-02-11,4733.7,4600.6,4629.9,68.05,318770.96,4691.8
2019-02-12,4772.5,4640.1,4691.8,124.93,589932.69,4741.1
2019-02-13,4758.4,4667.7,4741.1,72.31,341420.45,4742.3
2019-02-14,4770.9,4691.2,4742.3,69.47,329369.89,4749.9
2019-02-15,4757.9,4712.0,4749.9,70.35,333401.37,4730.1
2019-02-16,4760.0,4716.4,4730.1,87.09,413160.83,4734.6
2019-02-17,4790.0,4688.0,4734.6,86.68,411194.37,4790.0
2019-02-18,5189.9,4756.5,4790.0,181.57,905324.17,5068.9
2019-02-19,5273.7,5049.7,5068.9,167.23,864462.16,5155.9
2019-02-20,5215.0,5102.0,5155.9,84.96,438814.57,5210.9
2019-02-21,5248.9,5094.6,5210.9,113.84,586850.09,5164.3
2019-02-22,5259.6,5139.9,5164.3,107.73,561467.68,5239.6
2019-02-23,5430.2,5150.0,5239.6,124.55,654314.61,5394.0
2019-02-24,5493.3,4861.8,5394.0,151.14,770965.96,4957.6
2019-02-25,5100.0,4924.9,4957.6,104.41,526298.84,5055.3
2019-02-26,5099.9,5012.8,5055.3,78.94,398566.18,5049.5
2019-02-27,5050.0,4889.8,5049.5,107.78,537403.82,5029.3
2019-02-28,5135.7,4986.9,5029.3,111.49,561614.46,5019.7
2019-03-01,5159.7,4988.6,5019.7,120.98,613941.78,5113.8
2019-03-02,5122.0,5061.9,5113.8,41.71,212762.17,5104.0
2019-03-03,5104.0,5052.0,5104.0,41.33,210178.28,5075.2
2019-03-04,5100.0,4925.6,5075.2,109.39,547156.3,4988.0
2019-03-05,5153.0,4917.1,4988.0,146.65,741987.55,5121.0
2019-03-06,5188.0,5079.3,5121.0,97.34,501283.72,5182.9
2019-03-07,5229.9,5148.0,5182.9,121.79,632683.31,5204.1
2019-03-08,5244.7,5100.0,5204.1,104.89,545665.82,5158.6
2019-03-09,5268.0,5158.6,5158.6,52.18,272217.87,5217.2
2019-03-10,5257.1,5190.0,5217.2,32.69,170669.7,5211.5
2019-03-11,5228.5,5103.1,5211.5,73.94,381315.65,5176.5
2019-03-12,5218.6,5093.3,5176.5,84.95,439163.61,5191.8
2019-03-13,5202.6,5090.0,5191.8,280.52,1449880.35,5170.2
2019-03-14,5201.0,5105.1,5170.2,63.24,326943.87,5170.0
2019-03-15,5235.0,5143.5,5170.0,125.29,651226.15,5210.6
2019-03-16,5359.0,5210.6,5210.6,66.87,354381.84,5339.8
2019-03-17,5339.9,5175.8,5339.8,73.86,389617.04,5303.8
2019-03-18,5377.0,5262.0,5303.8,77.07,408824.88,5314.1
2019-03-19,5349.9,5243.9,5314.1,107.8,572035.46,5336.5
2019-03-20,5350.0,5266.1,5336.5,101.26,538193.37,5350.0
2019-03-21,5379.7,5242.2,5350.0,126.74,673926.43,5303.0
2019-03-22,5350.0,5284.5,5303.0,77.89,414332.28,5331.6
2019-03-23,5358.8,5302.1,5331.6,45.99,245386.05,5355.0
2019-03-24,5355.0,5303.6,5355.0,44.16,235441.85,5330.0
2019-03-25,5347.1,5184.4,5330.0,91.56,483227.85,5236.6
2019-03-26,5284.0,5210.9,5236.6,73.67,387262.95,5269.9
2019-03-27,5397.0,5253.0,5269.9,78.79,422629.51,5394.8
2019-03-28,5399.0,5347.4,5394.8,89.42,480652.21,5396.7
2019-03-29,5480.0,5367.6,5396.7,149.01,808868.1,5454.9
2019-03-30,5490.0,5410.7,5454.9,77.27,420892.98,5467.9
2019-03-31,5500.0,5428.6,5467.9,66.72,364518.51,5459.9
2019-04-01,5500.0,5220.0,5459.9,157.49,858853.2,5445.1
2019-04-02,6450.0,5434.6,5445.1,282.27,1715271.71,6405.2
2019-04-03,6900.0,6310.3,6405.2,300.94,1986514.63,6415.0
2019-04-04,6500.0,5400.0,6415.0,144.88,917629.67,6381.0
2019-04-05,6738.6,6325.0,6381.0,162.24,1069091.86,6679.0
2019-04-06,6899.9,6544.9,6679.0,111.89,749716.56,6670.8
2019-04-07,6848.1,6663.6,6670.8,69.84,475435.28,6808.4
2019-04-08,7000.0,6721.9,6808.4,102.52,706805.88,6999.9
2019-04-09,6999.9,6800.0,6999.9,77.94,539599.57,6932.6
2019-04-10,7254.9,6905.8,6932.6,67.83,479976.78,7086.0
2019-04-11,7086.0,6700.0,7086.0,139.36,956144.78,6811.6
2019-04-12,6820.0,6628.1,6811.6,76.66,516925.74,6810.9
2019-04-13,6870.7,6736.0,6810.9,24.75,168709.87,6828.3
2019-04-14,6945.3,6748.0,6828.3,44.27,301734.42,6904.9
2019-04-15,6939.8,6700.0,6904.9,81.17,553906.39,6820.2
2019-04-16,7001.6,6775.5,6820.2,78.61,543248.29,6999.8
2019-04-17,7082.6,6945.0,6999.8,119.56,839285.85,7012.5
2019-04-18,7185.8,7012.5,7012.5,74.95,534798.3,7151.8
2019-04-19,7224.9,7082.3,7151.8,59.45,423997.79,7199.9
2019-04-20,7230.0,7130.0,7199.9,58.35,419607.27,7167.4
2019-04-21,7228.8,7050.2,7167.4,21.68,154775.85,7177.1
2019-04-22,7284.8,7075.2,7177.1,59.19,425183.9,7206.7
2019-04-23,7633.1,7198.0,7206.7,111.53,832546.52,7504.7
2019-04-24,7649.5,7310.0,7504.7,129.2,960591.83,7414.6
2019-04-25,7500.0,6829.0,7414.6,146.87,1063596.17,7035.0
2019-04-26,7227.8,6801.0,7035.0,170.61,1189461.33,6964.8
2019-04-27,7093.1,6938.8,6964.8,40.91,286688.45,7058.3
2019-04-28,7052.0,6906.4,7027.1,85.94,600380.62,6987.6
2019-04-29,7000.0,6798.8,6987.6,75.7,524182.05,6919.9
2019-04-30,7091.9,6902.8,6919.9,84.59,592633.42,7028.8
2019-05-01,7146.5,6779.1,7028.8,111.57,783436.71,7136.6
2019-05-02,7356.3,7084.5,7136.6,85.36,618443.76,7293.1
2019-05-03,7750.0,7253.8,7293.1,153.65,1162658.73,7585.9
2019-05-04,7745.0,7431.4,7585.9,76.44,580718.35,7731.1
2019-05-05,7735.0,7559.5,7731.1,39.54,302639.68,7713.1
2019-05-06,7720.0,7506.3,7713.1,58.88,449097.69,7673.3
2019-05-07,7980.0,7612.6,7673.3,115.46,907125.4,7799.0
2019-05-08,8001.0,7765.0,7799.0,78.36,618191.62,8000.9
2019-05-09,8348.7,7992.1,8000.9,80.94,661053.74,8325.4
2019-05-10,8638.9,8214.6,8325.4,117.48,993799.15,8593.6
2019-05-11,9982.9,8561.6,8593.6,162.39,1497806.53,9660.0
2019-05-12,10213.7,9036.7,9660.0,131.76,1259863.09,9382.0
2019-05-13,10800.0,9289.9,9382.0,255.53,2544861.59,10309.1
2019-05-14,10800.0,10000.0,10309.1,190.62,2013260.31,10685.7
2019-05-15,10989.0,10438.6,10685.7,131.58,1414745.79,10941.2
2019-05-16,10998.0,10301.0,10941.2,162.1,1735630.14,10651.6
2019-05-17,10661.7,9050.3,10651.6,202.81,2000302.57,9983.0
2019-05-18,10178.8,9717.7,9983.0,118.74,1177718.35,9778.0
2019-05-19,11111.0,9778.0,9778.0,137.18,1477085.93,11095.0
2019-05-20,11095.0,10256.2,11095.0,75.3,804393.96,10783.4
2019-05-21,10871.8,10504.0,10783.4,76.09,813541.26,10715.0
2019-05-22,10793.4,10141.3,10715.0,128.85,1362060.29,10368.5
2019-05-23,10740.0,10151.0,10368.5,84.87,886247.01,10574.2
2019-05-24,10900.0,10400.0,10574.2,112.04,1185869.82,10748.8
2019-05-25,10832.0,10625.0,10748.8,24.88,267457.53,10832.0
2019-05-26,11560.0,10524.4,10832.0,105.08,1173165.48,11526.0
2019-05-27,11864.5,11465.0,11526.0,94.83,1103039.46,11621.5
2019-05-28,11710.4,11384.7,11621.5,117.56,1360990.79,11658.8
2019-05-29,11699.9,11251.8,11658.8,91.54,1059259.04,11628.8
2019-05-30,11898.0,101.2,11628.8,1555.83,3552300.61,11111.2
2019-05-31,11387.7,10686.9,11111.2,135.95,1499842.67,11343.7
2019-06-01,11360.0,10350.1,11343.7,52.27,588191.25,11279.0
2019-06-02,11617.3,11202.9,11279.0,50.37,575582.43,11521.5
2019-06-03,11521.5,9201.0,11521.5,91.8,1027023.4,10779.4
2019-06-04,10789.5,9211.0,10779.4,202.62,2072560.8,10103.0
2019-06-05,10828.6,10051.3,10103.0,94.87,977910.68,10350.3
2019-06-06,10533.1,9956.7,10350.3,57.16,587486.02,10442.2
2019-06-07,10748.4,10302.8,10442.2,48.78,514864.42,10625.8
2019-06-08,10681.3,10266.8,10625.8,40.67,425404.92,10509.2
2019-06-09,10520.0,9940.7,10509.2,42.75,437277.88,10054.9
2019-06-10,10647.4,9980.0,10054.9,69.39,725126.89,10583.6
2019-06-11,10591.2,10200.0,10583.6,37.58,390817.71,10470.5
2019-06-12,10909.8,10333.3,10470.5,67.94,725539.34,10815.0
2019-06-13,11088.4,10687.0,10815.0,58.26,635107.87,10897.8
2019-06-14,11599.9,10840.2,10897.8,56.66,636846.32,11587.0
2019-06-15,11842.0,11500.0,11587.0,60.16,701804.75,11824.1
2019-06-16,12450.0,11760.0,11824.1,83.77,1012528.64,11963.8
2019-06-17,12470.0,11956.4,11963.8,73.8,901607.99,12300.0
2019-06-18,12361.1,11874.4,12300.0,66.82,806510.28,12092.7
2019-06-19,12400.0,12019.3,12092.7,102.58,1255682.18,12358.4
2019-06-20,12741.2,12225.0,12358.4,89.72,1121076.09,12675.9
2019-06-21,13377.3,12608.5,12675.9,97.31,1261836.39,13377.3
2019-06-22,14799.0,13314.3,13377.3,132.1,1862186.02,14091.6
2019-06-23,14740.2,13832.1,14091.6,61.9,882795.03,14277.3
2019-06-24,14556.7,13888.9,14277.3,67.53,962139.82,14420.1
2019-06-25,15406.9,14280.8,14420.1,157.06,2326555.17,15390.2
2019-06-26,17997.9,14589.4,15390.2,330.97,5432521.2,16715.5
2019-06-27,17198.4,13351.0,16715.5,173.53,2583896.03,14403.2
2019-06-28,15987.6,13891.2,14403.2,116.52,1766344.6,15869.0
2019-06-29,15869.0,14500.1,15869.0,54.86,834989.12,15156.3
2019-06-30,15399.4,12602.0,15156.3,71.91,1031381.98,13647.6
2019-07-01,13880.0,11950.0,13647.6,62.19,795610.75,13250.0
2019-07-02,14167.4,11800.0,13250.0,126.78,1707763.67,14075.9
2019-07-03,15200.0,14011.8,14075.9,123.85,1809420.34,15167.4
2019-07-04,15174.2,14225.1,15167.4,76.03,1134984.98,14237.1
2019-07-05,14851.9,13971.4,14237.1,68.63,984146.19,14181.8
2019-07-06,15063.5,14181.8,14181.8,52.51,777921.23,14545.6
2019-07-07,14948.2,14450.0,14545.6,14.7,216465.49,14759.1
2019-07-08,16182.3,14621.6,14759.1,111.79,1731667.22,16018.5
2019-07-09,16579.0,15750.3,16018.5,108.63,1760800.94,16347.7
2019-07-10,17157.8,15100.0,16347.7,146.12,2355254.0,15890.8
2019-07-11,15890.8,14444.0,15890.8,113.05,1713535.23,14905.8
2019-07-12,15650.0,14561.2,14905.8,80.6,1219034.18,15414.0
2019-07-13,15535.9,14200.0,15414.0,53.49,795173.62,14947.9
2019-07-14,15000.0,12511.0,14947.9,96.81,1339067.85,13953.0
2019-07-15,14494.6,12937.5,13953.0,74.56,1017299.3,14251.3
2019-07-16,14493.8,12400.0,14251.3,116.84,1529362.04,12400.2
2019-07-17,13000.0,11900.0,12400.2,160.27,1978531.66,12620.0
2019-07-18,14000.0,11791.0,12620.0,181.88,2396992.86,13804.9
2019-07-19,14000.0,13196.8,13804.9,91.69,1259875.23,13777.4
2019-07-20,14473.3,13555.5,13777.4,53.27,746769.04,14034.1
2019-07-21,14188.9,13510.1,14034.1,29.5,405125.31,13778.7
2019-07-22,13998.6,13224.8,13778.7,48.96,664746.06,13572.1
2019-07-23,13572.1,12915.0,13572.1,66.99,881071.81,12952.3
2019-07-24,13031.0,12507.5,12952.3,57.62,732842.01,12865.0
2019-07-25,13351.0,12792.2,12865.0,61.35,805022.07,12998.0
2019-07-26,13044.9,12724.5,12998.0,41.89,542221.62,12938.6
2019-07-27,13455.1,12330.0,12938.6,88.91,1119702.24,12424.8
2019-07-28,12611.0,12019.0,12424.8,33.27,415201.59,12568.4
2019-07-29,12782.0,12377.8,12568.4,55.23,693956.18,12496.8
2019-07-30,12800.0,12337.3,12496.8,45.15,569941.62,12664.1
2019-07-31,13311.6,12500.8,12664.1,127.4,1657808.18,13311.6
2019-08-01,13797.8,13060.1,13311.6,150.45,2014731.4,13562.0
2019-08-02,13970.7,13521.5,13562.0,36.36,501784.21,13800.0
2019-08-03,14250.0,13746.7,13800.0,54.71,770125.82,14188.7
2019-08-04,15038.3,12995.1,14188.7,121.17,1713944.02,14479.2
2019-08-05,15494.1,14476.7,14479.2,172.01,2613805.76,15227.1
2019-08-06,15944.9,14652.9,15227.1,84.65,1297525.18,15053.8
2019-08-07,15815.0,14750.2,15053.8,88.46,1362814.79,15776.7
2019-08-08,15824.0,15222.5,15776.7,68.75,1070396.0,15800.0
2019-08-09,15889.0,15450.0,15800.0,30.12,470903.46,15700.5
2019-08-10,15800.0,14869.3,15700.5,45.07,688885.31,14955.2
2019-08-11,15300.0,14754.5,14955.2,25.92,390620.03,15255.3
2019-08-12,15255.3,14951.2,15255.3,36.5,550740.63,15041.1
2019-08-13,15174.3,14211.5,15041.1,56.37,826959.1,14442.9
2019-08-14,14442.9,13225.5,14442.9,94.5,1308356.59,13289.1
2019-08-15,16500.0,12650.6,13289.1,191.07,2603857.59,13795.5
2019-08-16,13991.9,13008.7,13795.5,57.31,783834.43,13729.3
2019-08-17,13896.5,13328.0,13729.3,88.22,1194621.53,13514.2
2019-08-18,13900.0,13374.9,13514.2,34.78,473610.42,13700.0
2019-08-19,14550.0,13562.6,13700.0,68.77,973798.51,14550.0
2019-08-20,14631.4,14105.0,14550.0,40.19,574922.57,14342.4
2019-08-21,14358.2,13127.6,14342.4,65.38,883288.78,13487.2
2019-08-22,13628.9,13011.0,13487.2,58.01,776160.36,13412.2
2019-08-23,13935.5,13380.0,13412.2,32.48,442921.21,13886.4
2019-08-24,13886.4,13200.0,13886.4,29.09,389960.81,13506.1
2019-08-25,13701.0,13187.9,13506.1,46.11,618197.49,13495.0
2019-08-26,14132.9,13483.0,13495.0,48.17,663039.81,13696.2
2019-08-27,13749.9,13300.0,13696.2,60.69,819606.56,13462.8
2019-08-28,13651.6,12834.0,13462.8,116.84,1538007.08,12983.1
2019-08-29,12983.1,12438.0,12983.1,95.92,1223190.25,12557.8
2019-08-30,12948.5,12459.0,12557.8,33.61,428748.58,12804.4
2019-08-31,12900.0,12600.0,12804.4,38.56,493118.8,12809.2
2019-09-01,13130.3,12715.0,12809.2,22.17,285290.49,12991.0
2019-09-02,13934.7,12948.5,12991.0,70.25,942969.62,13857.2
2019-09-03,14250.0,13705.8,13857.2,124.58,1757641.0,14096.5
2019-09-04,14138.0,13717.0,14096.5,37.44,520150.65,13880.6
2019-09-05,13968.8,13754.9,13880.6,40.14,556111.8,13950.0
2019-09-06,14280.5,13450.3,13950.0,82.59,1155729.37,13637.7
2019-09-07,13850.0,13561.4,13637.7,20.1,275959.89,13735.7
2019-09-08,13852.9,13483.1,13735.7,16.12,220439.96,13667.7
2019-09-09,13689.6,13300.0,13667.7,43.66,588629.37,13581.4
2019-09-10,13701.9,13030.2,13581.4,50.08,668868.68,13311.1
2019-09-11,13410.0,13039.0,13311.1,39.69,526559.34,13378.4
2019-09-12,13733.2,13238.1,13378.4,37.36,504191.86,13716.7
2019-09-13,13734.8,13431.5,13716.7,42.46,577008.78,13704.2
2019-09-14,13790.0,13545.6,13704.2,25.11,343998.17,13704.2
2019-09-15,13762.5,13568.7,13704.2,14.66,200071.94,13611.1
2019-09-16,13679.9,13305.2,13611.1,46.54,627263.02,13597.3
2019-09-17,13597.3,13336.3,13597.3,36.33,489173.12,13441.5
2019-09-18,13549.9,13320.1,13441.5,43.23,580526.83,13368.6
2019-09-19,15000.0,12900.0,13368.6,161.8,2177460.37,13596.2
2019-09-20,13685.6,13377.8,13596.2,15.41,208194.64,13513.1
2019-09-21,13524.8,13209.0,13513.1,19.4,258342.27,13236.8
2019-09-22,13381.4,13063.8,13236.8,34.48,455475.88,13305.4
2019-09-23,13345.5,12850.1,13305.4,76.28,995392.5,12952.3
2019-09-24,12996.8,11000.1,12952.3,318.64,3793046.0,11352.5
2019-09-25,11600.1,10944.1,11352.5,89.23,1002808.62,11209.8
2019-09-26,11295.8,10267.8,11209.8,122.99,1322105.25,10733.7
2019-09-27,10989.0,10445.5,10733.7,56.63,604169.47,10859.5
2019-09-28,11053.9,10626.5,10859.5,51.28,551205.72,10888.0
2019-09-29,10939.1,10514.3,10888.0,13.08,139280.51,10665.8
2019-09-30,11032.6,10218.0,10665.8,58.99,632490.22,10975.2
2019-10-01,11300.0,10850.7,10975.2,56.56,626023.56,11083.5
2019-10-02,11187.0,10853.1,11083.5,60.32,664957.53,11187.0
2019-10-03,11211.8,10803.5,11187.0,68.5,755890.54,11069.5
2019-10-04,11069.5,10800.0,11069.5,22.71,248215.65,10950.0
2019-10-05,10956.4,10760.9,10950.0,28.05,304373.6,10900.0
2019-10-06,10927.8,10453.2,10900.0,42.46,451492.97,10507.5
2019-10-07,11102.3,10430.8,10507.5,55.62,606288.37,11046.0
2019-10-08,11180.3,10940.0,11046.0,21.41,235587.1,10999.9
2019-10-09,11608.3,10860.1,10999.9,54.17,610636.44,11537.6
2019-10-10,11570.2,11350.0,11537.6,27.63,315955.91,11427.3
2019-10-11,11689.9,10956.0,11427.3,56.41,632105.19,10961.4
2019-10-12,11157.4,10952.4,10961.4,14.2,156866.22,11050.0
2019-10-13,11234.8,10898.0,11050.0,17.59,193630.21,11031.7
2019-10-14,11150.0,10968.1,11031.7,12.15,134303.46,11114.0
2019-10-15,11127.3,10748.7,11114.0,39.22,428015.2,10832.4
2019-10-16,10855.9,10553.0,10832.4,44.52,475584.59,10635.1
2019-10-17,10795.4,10558.3,10635.1,48.1,513362.96,10697.6
2019-10-18,10747.4,10471.0,10697.6,44.53,469979.57,10568.3
2019-10-19,10666.2,10470.0,10568.3,19.72,208071.76,10535.0
2019-10-20,10940.0,10500.0,10535.0,13.98,150008.17,10874.0
2019-10-21,10939.8,10772.4,10874.0,30.82,334407.4,10825.0
2019-10-22,10898.9,10588.4,10825.0,31.11,334650.7,10621.5
2019-10-23,10644.2,9722.0,10621.5,70.42,711063.43,9849.7
2019-10-24,9876.0,9722.0,9849.7,37.74,369615.37,9781.6
2019-10-25,11435.9,9739.8,9781.6,141.51,1479482.6,11368.2
2019-10-26,13649.0,11304.4,11368.2,160.8,1985314.65,12123.0
2019-10-27,12790.0,11896.2,12123.0,108.87,1362755.74,12518.6
2019-10-28,12949.2,12036.9,12518.6,47.62,587808.95,12052.0
2019-10-29,12499.0,12000.0,12052.0,87.86,1075034.8,12359.4
2019-10-30,12359.4,11812.0,12359.4,57.08,687461.81,12125.9
2019-10-31,12360.0,11815.8,12125.9,54.67,663742.9,12078.6
2019-11-01,12283.7,11958.3,12078.6,35.91,435579.14,12242.0
2019-11-02,12387.9,12158.2,12242.0,42.89,525263.18,12201.1
2019-11-03,12322.3,12002.2,12201.1,13.16,159666.64,12157.1
2019-11-04,12518.3,11890.0,12157.1,119.5,1462555.78,12351.9
2019-11-05,12458.1,12024.3,12351.9,49.59,608182.84,12200.0
2019-11-06,12370.4,12110.4,12200.0,41.3,506212.35,12351.2
2019-11-07,12373.0,12007.0,12351.2,48.22,586415.63,12148.7
2019-11-08,12204.7,11507.0,12148.7,77.0,908818.38,11623.9
2019-11-09,11769.9,11569.6,11623.9,17.45,204139.95,11715.8
2019-11-10,12014.0,11610.9,11715.8,48.08,565365.92,11965.4
2019-11-11,11976.5,11397.6,11965.4,38.57,447731.16,11525.1
2019-11-12,11637.5,11305.0,11525.1,59.16,681178.27,11609.9
2019-11-13,11630.2,11500.8,11609.9,23.81,275749.16,11613.0
2019-11-14,11629.2,11343.5,11613.0,44.64,512241.43,11447.4
2019-11-15,11652.1,11111.0,11447.4,68.52,771780.29,11178.9
2019-11-16,11293.0,11132.1,11178.9,15.67,175749.67,11219.5
2019-11-17,11436.8,11104.5,11219.5,31.4,353146.78,11229.4
2019-11-18,11229.4,10550.0,11229.4,62.87,684862.54,10821.5
2019-11-19,10829.8,10534.2,10821.5,56.77,607262.01,10776.8
2019-11-20,10933.0,10664.4,10776.8,45.22,486827.15,10758.0
2019-11-21,10792.7,9807.0,10758.0,81.55,841905.55,10144.6
2019-11-22,10377.7,9025.3,10144.6,366.63,3516689.06,9702.9
2019-11-23,9768.9,9477.5,9702.9,44.04,424685.13,9721.3
2019-11-24,9769.7,9152.3,9721.3,40.01,377189.49,9175.1
2019-11-25,9834.9,8709.0,9175.1,142.39,1328350.49,9498.0
2019-11-26,9750.0,9343.5,9498.0,50.62,480789.41,9522.2
2019-11-27,10176.0,9148.0,9522.2,79.97,781337.49,9983.9
2019-11-28,10197.2,9830.0,9983.9,69.47,697124.69,9970.1
2019-11-29,10400.0,9913.6,9970.1,59.24,602141.3,10314.6
2019-11-30,10397.7,9976.0,10314.6,27.94,284836.1,10070.7
2019-12-01,10070.7,9707.1,10070.7,46.03,453783.97,9874.4
2019-12-02,9896.0,9300.0,9874.4,57.51,555888.08,9736.1
2019-12-03,9827.7,9620.0,9736.1,31.95,311519.39,9758.1
2019-12-04,10185.0,9467.1,9758.1,63.55,615802.38,9549.7
2019-12-05,9873.4,9456.9,9549.7,74.27,714423.0,9737.4
2019-12-06,10025.9,9655.4,9737.4,32.75,323148.73,10000.0
2019-12-07,10066.2,9941.4,10000.0,22.33,223259.73,9970.6
2019-12-08,10034.6,9800.0,9970.6,18.94,188337.03,9964.4
2019-12-09,10098.9,9631.7,9964.4,44.82,442844.7,9744.3
2019-12-10,9819.1,9503.6,9744.3,35.81,344506.39,9580.3
2019-12-11,9631.7,9432.2,9580.3,34.57,328957.27,9482.7
2019-12-12,9569.0,9350.0,9482.7,60.66,572028.2,9472.1
2019-12-13,9613.0,9421.7,9472.1,38.81,370286.41,9575.7
2019-12-14,9601.2,9265.5,9575.7,20.99,196530.48,9319.9
2019-12-15,9430.0,9260.6,9319.9,23.07,215806.22,9399.6
2019-12-16,9399.6,9020.0,9399.6,58.87,540267.07,9082.4
2019-12-17,9131.9,8680.9,9082.4,84.3,749929.29,8740.6
2019-12-18,9650.0,8545.1,8740.6,107.25,970589.71,9568.0
2019-12-19,9842.5,9311.2,9568.0,67.86,640981.24,9481.7
2019-12-20,9530.0,9353.7,9481.7,37.93,358479.42,9505.0
2019-12-21,9505.0,9367.8,9505.0,24.49,231203.79,9395.7
2019-12-22,9885.0,9387.1,9395.7,53.29,513036.47,9884.8
2019-12-23,10110.0,9600.0,9884.8,84.47,832870.68,9656.7
2019-12-24,9783.7,9431.5,9656.7,107.71,1036305.92,9525.3
2019-12-25,9600.0,9415.0,9525.3,26.62,253439.94,9508.6
2019-12-26,9740.7,9370.7,9508.6,15.76,150217.9,9469.2
2019-12-27,9496.6,9289.0,9469.2,27.44,258454.58,9459.3
2019-12-28,9625.0,9459.3,9459.3,23.4,223988.0,9552.8
2019-12-29,9859.2,9528.8,9552.8,31.85,307508.62,9684.9
2019-12-30,9684.9,9419.6,9684.9,32.78,311900.26,9474.0
2019-12-31,9494.6,9275.0,9474.0,37.68,352987.82,9345.1
2020-01-01,9421.1,9290.1,9345.1,20.04,187481.49,9301.3
2020-01-02,9341.9,9012.0,9301.3,92.92,847343.63,9020.0
2020-01-03,9600.0,8883.6,9020.0,98.31,920782.43,9516.5
2020-01-04,9600.0,9438.2,9516.5,88.07,838096.92,9559.7
2020-01-05,9719.7,9468.6,9559.7,88.45,850305.14,9535.8
2020-01-06,10099.4,9524.0,9535.8,129.71,1273229.78,10082.7
2020-01-07,10653.7,10071.1,10082.7,143.96,1486712.93,10590.0
2020-01-08,10954.0,10200.0,10590.0,144.29,1537274.55,10423.7
2020-01-09,10472.6,10092.1,10423.7,129.87,1334488.1,10184.7
2020-01-10,10626.3,10015.0,10184.7,91.35,949092.88,10626.3
2020-01-11,10719.9,10370.0,10626.3,115.27,1219456.74,10435.0
2020-01-12,10629.9,10336.3,10435.0,31.27,328463.56,10629.9
2020-01-13,10642.9,10443.7,10629.9,31.45,331373.15,10549.9
2020-01-14,11444.7,10511.5,10549.9,150.9,1679384.36,11416.0
2020-01-15,11465.5,11026.9,11416.0,110.03,1238905.93,11333.6
2020-01-16,11386.2,11089.0,11333.6,63.34,711750.84,11243.5
2020-01-17,11580.5,11135.7,11243.5,46.28,530997.39,11572.1
2020-01-18,11660.9,11462.8,11572.1,36.56,422790.57,11534.8
2020-01-19,11854.4,11074.1,11534.8,79.44,907984.45,11305.9
2020-01-20,11346.7,11113.1,11305.9,27.33,307363.15,11233.5
2020-01-21,11345.0,11032.9,11233.5,29.22,327587.68,11345.0
2020-01-22,11374.0,11195.9,11345.0,40.6,459174.96,11348.7
2020-01-23,11350.0,10792.8,11348.7,70.68,773495.78,10888.2
2020-01-24,11127.1,10781.8,10888.2,18.26,200464.9,11043.1
2020-01-25,11043.1,10801.0,11043.1,33.62,366703.91,10932.4
2020-01-26,11240.0,10864.8,10932.4,26.13,290016.88,11210.0
2020-01-27,11713.1,11209.3,11210.0,45.52,522124.0,11590.0
2020-01-28,12107.0,11571.5,11590.0,101.23,1195800.94,12080.6
2020-01-29,12249.8,11973.1,12080.6,59.67,723536.63,12160.8
2020-01-30,12500.0,12007.2,12160.8,63.9,785359.09,12402.2
2020-01-31,12450.9,12138.3,12402.2,160.02,1972323.17,12380.0
2020-02-01,12450.0,12000.0,12380.0,41.18,504552.32,12310.0
2020-02-02,12437.9,12088.6,12310.0,26.46,323906.7,12261.6
2020-02-03,12521.2,12010.0,12261.6,51.18,624408.14,12234.3
2020-02-04,12299.8,12000.0,12234.3,29.93,363396.83,12164.7
2020-02-05,12762.6,12110.2,12164.7,85.37,1068653.94,12635.7
2020-02-06,12935.0,12477.4,12635.7,62.95,802245.42,12912.2
2020-02-07,13000.0,12842.7,12912.2,54.37,703314.44,12994.5
2020-02-08,13088.1,12759.6,12994.5,22.38,289608.42,13085.9
2020-02-09,13500.0,13045.0,13085.9,51.55,686602.71,13428.0
2020-02-10,13467.9,12942.3,13428.0,62.21,816087.42,13097.3
2020-02-11,13614.0,12838.8,13097.3,68.86,915758.26,13609.9
2020-02-12,13706.6,13438.5,13609.9,65.44,887988.73,13610.0
2020-02-13,13814.0,13307.0,13610.0,80.93,1099923.38,13500.0
2020-02-14,13746.2,13333.0,13500.0,51.26,695847.57,13684.5
2020-02-15,13717.7,13000.0,13684.5,69.3,919245.82,13109.3
2020-02-16,13349.2,12800.0,13109.3,38.19,500205.79,13176.6
2020-02-17,13178.0,12487.8,13176.6,56.97,727160.19,12800.0
2020-02-18,13549.4,12730.5,12800.0,52.43,687572.51,13452.5
2020-02-19,13550.0,12393.8,13452.5,124.71,1652675.85,12730.9
2020-02-20,12881.9,12521.2,12730.9,56.55,718759.15,12762.8
2020-02-21,13083.4,12706.2,12762.8,59.93,771919.6,12846.5
2020-02-22,12914.5,12740.0,12846.5,18.0,231127.25,12804.4
2020-02-23,13248.7,12795.4,12804.4,32.99,431442.51,13216.7
2020-02-24,13274.4,12618.5,13216.7,60.45,781837.84,12813.0
2020-02-25,12852.5,12333.0,12813.0,39.9,501167.07,12392.5
2020-02-26,12456.8,11565.3,12392.5,127.09,1504490.81,11724.5
2020-02-27,12033.8,11444.4,11724.5,206.5,2430177.21,11780.2
2020-02-28,12215.3,11350.3,11780.2,375.9,4424343.51,11692.9
2020-02-29,11775.6,11444.4,11692.9,33.06,383664.14,11444.4
2020-03-01,11700.0,11259.9,11444.4,80.43,917922.7,11460.0
2020-03-02,11980.5,11380.8,11460.0,54.18,638736.24,11882.9
2020-03-03,11882.9,11563.0,11882.9,49.34,578447.13,11731.3
2020-03-04,11814.3,11615.0,11731.3,40.27,471063.02,11734.1
2020-03-05,12283.0,11734.1,11734.1,54.53,660098.62,12155.0
2020-03-06,12272.0,12047.3,12155.0,33.46,406621.23,12265.4
2020-03-07,12337.9,11906.3,12265.4,37.2,451690.51,11965.5
2020-03-08,11965.5,10915.0,11965.5,126.56,1423001.69,10955.5
2020-03-09,11156.2,10344.1,10955.5,160.35,1718360.61,10857.2
2020-03-10,11183.0,10684.0,10857.2,76.54,837158.59,10879.4
2020-03-11,10983.5,10458.2,10879.4,67.09,720552.01,10944.3
2020-03-12,10973.6,6570.0,10944.3,495.53,4279766.22,6833.3
2020-03-13,8504.4,5501.5,6833.3,302.9,2183790.94,7770.0
2020-03-14,7820.0,7005.1,7770.0,105.65,787306.81,7165.5
2020-03-15,8149.1,7020.7,7165.5,172.19,1247116.89,7392.1
2020-03-16,7397.4,6000.0,7392.1,180.99,1229032.92,7056.4
2020-03-17,7858.7,6944.6,7056.4,128.29,963950.1,7607.0
2020-03-18,7883.4,7207.0,7607.0,174.71,1338412.51,7825.0
2020-03-19,9355.9,7724.4,7825.0,353.86,3055675.17,9012.4
2020-03-20,9859.4,8200.0,9012.4,227.91,2086236.18,8910.7
2020-03-21,9250.3,8500.0,8910.7,56.9,507776.76,8890.0
2020-03-22,9199.9,8337.8,8890.0,56.03,486960.54,8415.8
2020-03-23,9485.0,8281.6,8415.8,136.28,1239762.66,9450.0
2020-03-24,9872.4,9226.9,9450.0,96.15,927237.46,9814.8
2020-03-25,9992.0,9362.7,9814.8,88.83,855665.26,9566.6
2020-03-26,9703.8,9276.1,9566.6,102.78,970236.01,9524.8
2020-03-27,9733.0,8872.3,9524.8,110.92,1043597.97,8989.3
2020-03-28,8989.3,8538.7,8989.3,54.36,476366.11,8835.5
2020-03-29,8835.5,8307.0,8835.5,93.68,794832.37,8376.0
2020-03-30,9375.4,8324.2,8376.0,77.24,697949.67,9124.4
2020-03-31,9302.0,9084.4,9124.4,49.17,452083.8,9109.0
2020-04-01,9500.0,8820.1,9109.0,73.25,669242.34,9414.0
2020-04-02,10256.3,9321.9,9414.0,81.56,792025.19,9663.1
2020-04-03,9998.8,9410.1,9663.1,35.08,339624.65,9579.9
2020-04-04,9935.9,9522.0,9579.9,34.65,336329.34,9803.1
2020-04-05,9823.4,9524.0,9803.1,24.98,241640.76,9734.4
2020-04-06,10397.2,9700.6,9734.4,77.82,788326.34,10397.2
2020-04-07,10550.0,9954.4,10397.2,100.45,1032566.57,10106.1
2020-04-08,10626.54,9541.47,10032.79,5334.0,54946325.82,10301.15
2020-04-09,10375.4,10050.0,10347.9,56.2,575285.83,10230.6
2020-04-10,10280.7,9522.4,10230.6,64.04,627563.31,9709.3
2020-04-11,9793.66,9358.38,9602.61,3264.99,31401771.76,9617.72
2020-04-12,10100.0,9565.7,9686.5,41.02,403921.84,9740.7
2020-04-13,10191.16,9046.81,9752.72,4713.74,44887754.18,9522.75
2020-04-14,9779.6,9500.0,9610.4,40.93,394681.32,9601.2
2020-04-15,9710.6,9436.0,9601.2,43.04,412235.75,9448.0
2020-04-16,10161.4,9260.0,9448.0,75.62,742761.83,10007.9
2020-04-17,10213.84,9784.92,9978.98,3941.1,38879998.89,9865.27
2020-04-18,10286.3,9908.5,9934.8,59.2,600924.5,10261.6
2020-04-19,10520.17,9845.33,10161.64,4706.9,47255190.66,10039.56
2020-04-20,10230.0,9675.0,10112.0,60.16,594678.39,9786.3
2020-04-21,9970.8,9691.8,9786.3,78.89,773081.25,9817.0
2020-04-22,10180.1,9777.7,9817.0,56.93,568949.21,10149.0
2020-04-23,10863.2,10016.8,10149.0,86.95,913790.57,10568.7
2020-04-24,10858.74,9534.61,10509.27,4317.96,45629726.96,10567.43
2020-04-25,10848.21,10208.46,10567.43,4386.42,46753856.34,10658.77
2020-04-26,10968.3,10700.0,10747.9,47.93,518851.36,10968.3
2020-04-27,11085.0,10850.0,10968.3,61.0,667063.73,11030.0
2020-04-28,11030.0,10856.7,11030.0,58.05,634250.61,10976.8
2020-04-29,12506.4,10878.7,10976.8,150.99,1781275.95,12324.5
2020-04-30,13249.9,11871.3,12324.5,168.77,2111506.72,12110.1
2020-05-01,12800.0,12110.1,12110.1,104.93,1309206.54,12611.6
2020-05-02,12868.1,12520.1,12611.6,52.43,666368.96,12818.0
2020-05-03,13100.0,12500.0,12818.0,86.9,1112874.95,12701.7
2020-05-04,12770.0,12205.0,12701.7,103.74,1293492.63,12659.9
2020-05-05,12894.4,12500.0,12659.9,54.48,691081.21,12714.8
2020-05-06,13385.4,12690.0,12714.8,108.83,1419642.5,13045.0
2020-05-07,14198.3,12923.2,13045.0,180.3,2464839.69,14051.0
2020-05-08,14298.9,13735.1,14051.0,164.51,2304193.45,13795.0
2020-05-09,13944.3,13353.0,13795.0,103.97,1415598.74,13353.0
2020-05-10,13409.1,11501.0,13353.0,259.88,3179221.19,12269.2
2020-05-11,12899.8,11672.0,12269.2,208.13,2544156.67,12175.7
2020-05-12,12702.5,12098.3,12175.7,75.56,935115.14,12517.1
2020-05-13,13339.99,12503.0,12517.1,221.05,2882047.55,13143.68
2020-05-14,13897.76,13124.03,13143.68,674.17,9129434.08,13758.73
2020-05-15,13824.97,12956.11,13758.73,516.07,6921489.61,13139.8
2020-05-16,13608.66,13051.31,13139.8,330.0,4385643.37,13285.72
2020-05-17,13909.87,13206.29,13285.72,311.85,4244329.45,13660.17
2020-05-18,14001.81,13405.12,13660.17,340.14,4635265.87,13595.57
2020-05-19,13765.52,13277.15,13595.57,381.94,5151188.3,13657.53
2020-05-20,13676.85,12933.76,13657.53,263.2,3526713.1,13239.27
2020-05-21,13394.02,12366.93,13239.27,491.1,6336755.13,12649.29
2020-05-22,13484.03,12548.12,12649.29,380.27,4856319.11,12860.53
2020-05-23,13415.84,12764.11,12860.53,207.9,2683821.77,12874.1
2020-05-24,13035.03,12244.51,12874.1,229.5,2921201.24,12244.51
2020-05-25,12576.53,12165.26,12244.51,341.98,4228220.0,12447.63
2020-05-26,12556.62,12054.25,12447.63,252.33,3101158.73,12223.02
2020-05-27,12710.97,12157.53,12223.02,286.47,3581367.53,12647.36
2020-05-28,13245.46,12588.04,12647.36,292.78,3776275.7,13191.5
2020-05-29,13244.86,12893.46,13191.5,323.18,4220808.42,13012.78
2020-05-30,13369.92,12775.49,13012.78,215.87,2828687.49,13349.64
2020-05-31,13349.87,13002.3,13349.64,233.41,3072253.7,13047.52
2020-06-01,14068.44,13015.62,13047.52,241.58,3210438.35,13981.5
2020-06-02,14104.54,12848.97,13981.5,655.17,8881652.56,13098.4
2020-06-03,13373.71,13024.42,13098.4,239.92,3151534.46,13257.79
2020-06-04,13778.4,13022.26,13257.79,261.15,3491162.83,13457.11
2020-06-05,13648.81,13243.23,13457.11,244.84,3274537.06,13254.77
2020-06-06,13387.08,13071.19,13254.77,154.87,2048523.04,13281.64
2020-06-07,13602.2,12942.77,13281.64,188.46,2490512.28,13366.81
2020-06-08,13594.36,12974.8,13366.81,266.04,3533707.82,13071.25
2020-06-09,13203.09,12884.03,13071.25,240.16,3131582.58,13123.31
2020-06-10,13370.88,11971.05,13123.31,187.86,2471596.59,13290.09
2020-06-11,13353.2,12399.79,13290.09,389.44,5022752.87,12571.76
2020-06-12,13105.63,12286.51,12571.76,359.62,4549109.14,12742.89
2020-06-13,12981.45,12497.21,12742.89,138.59,1760726.83,12740.46
2020-06-14,12764.91,12468.83,12740.46,175.98,2236259.88,12626.77
2020-06-15,12850.31,12120.91,12626.77,357.41,4461283.43,12683.07
2020-06-16,12899.58,12627.53,12683.07,296.41,3781670.34,12811.1
2020-06-17,13149.89,12504.15,12811.1,196.2,2495662.98,12762.87
2020-06-18,12885.14,12510.0,12762.87,167.77,2124498.76,12645.47
2020-06-19,12783.55,11800.23,12645.47,202.71,2546543.56,12534.53
2020-06-20,12735.56,12360.52,12534.53,142.73,1787447.94,12586.57
2020-06-21,12690.11,12189.85,12586.57,117.41,1481976.03,12550.29
2020-06-22,13110.83,12518.81,12550.29,199.13,2552757.92,13020.94
2020-06-23,13199.54,12851.76,13020.94,244.12,3163189.47,12928.2
2020-06-24,13000.78,12435.54,12928.2,232.72,2941491.9,12521.88
2020-06-25,12829.56,12146.42,12521.88,271.05,3406204.47,12610.76
2020-06-26,12729.75,12367.35,12610.76,174.44,2186895.3,12538.31
2020-06-27,12592.6,12200.0,12538.31,40.71,505907.25,12380.0
2020-06-28,12690.06,12170.39,12425.95,3218.55,40258641.85,12508.32
2020-06-29,12665.6,12400.0,12531.6,98.63,1232550.63,12599.0
2020-06-30,12625.4,12419.81,12599.0,200.51,2502578.81,12438.27
2020-07-01,12672.71,12394.28,12438.27,162.72,2038586.67,12580.39
2020-07-02,13288.28,12219.0,12580.39,195.39,2436040.77,12354.4
2020-07-03,12540.85,12290.3,12354.4,159.88,1974732.05,12316.23
2020-07-04,12523.8,12240.81,12316.23,111.47,1375849.07,12388.02
2020-07-05,12599.25,12156.09,12388.02,166.28,2046091.49,12333.98
2020-07-06,12705.42,12302.48,12333.98,238.45,2983875.54,12674.36
2020-07-07,12859.6,12501.65,12674.36,212.14,2671377.12,12569.95
2020-07-08,12934.28,12533.79,12569.95,241.26,3066411.6,12797.81
2020-07-09,12826.49,12473.81,12797.81,234.61,2965271.97,12539.75
2020-07-10,12718.33,12411.09,12539.75,208.1,2605198.83,12619.4
2020-07-11,12655.51,12489.35,12619.4,130.06,1634057.73,12547.62
2020-07-12,12663.78,12478.11,12547.62,114.2,1434918.57,12631.06
2020-07-13,12926.28,12520.16,12631.06,221.88,2796131.71,12564.42
2020-07-14,12691.8,12435.55,12564.42,216.4,2713780.99,12590.84
2020-07-15,12825.48,12472.31,12590.84,213.51,2678585.94,12532.86
2020-07-16,12628.04,12316.38,12532.86,238.49,2963681.98,12434.48
2020-07-17,12573.76,12382.38,12434.48,133.29,1659333.11,12501.88
2020-07-18,12709.37,12411.22,12501.88,95.44,1190813.99,12497.2
2020-07-19,12580.29,12414.84,12497.2,87.39,1089684.48,12536.02
2020-07-20,12581.67,12415.65,12536.02,187.85,2347450.1,12458.63
2020-07-21,12816.63,12457.68,12458.63,292.54,3707728.51,12732.47
2020-07-22,12969.45,12596.97,12732.47,242.62,3084529.36,12969.45
2020-07-23,12984.24,12785.37,12969.45,348.66,4494307.45,12952.75
2020-07-24,13206.62,12768.53,12952.75,243.25,3149644.94,12941.86
2020-07-25,13207.51,12917.14,12941.86,193.39,2517616.06,13121.76
2020-07-26,13664.06,13058.31,13121.76,310.46,4142957.14,13486.19
2020-07-27,15212.0,13472.03,13486.19,557.37,7926914.89,14826.79
2020-07-28,15106.37,14371.46,14826.79,628.85,9375852.4,14793.14
2020-07-29,15421.78,14712.83,14793.14,352.7,5302044.7,15015.97
2020-07-30,15229.09,13749.21,15015.97,300.06,4490423.02,15064.64
2020-07-31,15562.74,14897.19,15064.64,314.02,4773643.68,15362.84
2020-08-01,16145.41,15239.83,15362.84,378.87,5955380.04,16065.17
2020-08-02,16358.75,14623.92,16065.17,431.17,6623775.77,15042.31
2020-08-03,15560.17,14926.24,15042.31,221.18,3368099.6,15236.59
2020-08-04,15460.55,14976.25,15236.59,162.19,2474031.94,15166.77
2020-08-05,15902.23,15070.67,15166.77,204.67,3185282.49,15845.59
2020-08-06,16166.96,15658.52,15845.59,199.1,3161764.4,15903.65
2020-08-07,16112.0,15385.69,15903.65,202.95,3207979.78,15691.92
2020-08-08,16032.77,15623.27,15691.92,142.3,2252912.82,15963.75
2020-08-09,16044.57,15640.49,15963.75,115.97,1834735.37,15833.66
2020-08-10,16304.9,15691.2,15833.66,138.78,2216531.45,15855.85
2020-08-11,15946.67,14380.75,15855.85,129.67,1998790.7,15206.84
2020-08-12,15540.06,14955.91,15206.84,125.29,1912973.82,15434.02
2020-08-13,15656.55,15035.03,15434.02,102.34,1576637.6,15655.04
2020-08-14,15819.11,15504.08,15655.04,109.89,1720711.46,15680.19
2020-08-15,15970.11,15676.67,15680.19,86.65,1371693.75,15845.6
2020-08-16,15993.48,15636.72,15845.6,65.36,1034606.65,15893.32
2020-08-17,16526.05,15728.82,15893.32,115.21,1866990.53,16354.99
2020-08-18,16437.46,15813.92,16354.99,131.12,2113154.41,15876.64
2020-08-19,15951.16,15467.2,15876.64,111.49,1748036.52,15650.28
2020-08-20,15830.43,15580.89,15650.28,88.32,1388289.23,15762.87
2020-08-21,15823.73,15250.41,15762.87,86.18,1343543.55,15316.49
2020-08-22,15948.85,15158.27,15316.49,107.24,1661371.96,15539.74
2020-08-23,15613.43,15356.58,15539.74,41.93,649665.75,15534.2
2020-08-24,16300.56,15453.7,15534.2,60.35,943374.66,15664.71
2020-08-25,15713.12,14845.15,15664.71,120.91,1838216.0,15069.02
2020-08-26,15295.01,14986.67,15069.02,100.43,1523421.57,15228.99
2020-08-27,15266.22,14792.89,15228.99,107.2,1613074.24,14998.6
2020-08-28,15277.33,14987.4,14998.6,95.97,1451847.25,15277.33
2020-08-29,15423.16,15150.22,15277.33,58.66,892367.03,15196.36
2020-08-30,15580.23,15160.26,15196.36,50.18,772739.6,15499.74
2020-08-31,15641.98,15253.1,15499.74,117.99,1817914.47,15322.91
2020-09-01,15870.84,15196.35,15322.91,132.71,2075786.61,15721.67
2020-09-02,15810.32,14862.4,15721.67,116.66,1776240.6,15064.6
2020-09-03,15152.85,13441.97,15064.6,225.98,3256123.44,13552.2
2020-09-04,14496.85,13378.22,13552.2,98.88,1366894.96,13861.82
2020-09-05,14070.33,13080.82,13861.82,92.48,1248154.79,13456.04
2020-09-06,13738.19,13310.71,13456.04,74.47,1008663.59,13623.36
2020-09-07,13822.98,13169.62,13623.36,62.3,841277.85,13822.98
2020-09-08,13822.98,13200.21,13822.98,81.92,1105143.46,13519.09
2020-09-09,13794.39,13307.82,13519.09,90.67,1230573.81,13619.53
2020-09-10,13936.68,13613.69,13619.53,113.55,1561850.95,13785.72
2020-09-11,13892.18,13595.79,13785.72,80.58,1106903.43,13862.71
2020-09-12,13924.01,13695.21,13862.71,63.03,871896.56,13888.15
2020-09-13,14019.7,13581.53,13888.15,59.32,817713.93,13702.47
2020-09-14,14236.6,13634.76,13702.47,94.01,1313114.0,14136.14
2020-09-15,14555.73,14047.86,14136.14,111.56,1588627.23,14264.24
2020-09-16,14714.82,14130.08,14264.24,92.63,1338766.74,14537.22
2020-09-17,14748.14,14279.34,14537.22,89.04,1285660.7,14480.11
2020-09-18,14583.59,14377.31,14480.11,75.44,1092181.45,14513.64
2020-09-19,14780.79,14417.91,14513.64,49.53,722191.31,14693.91
2020-09-20,14846.65,14316.02,14693.91,41.08,593998.29,14466.74
2020-09-21,14571.39,13870.11,14466.74,176.69,2499438.7,14006.23
2020-09-22,14132.8,13764.08,14006.23,106.09,1490491.12,14059.74
2020-09-23,14140.18,13589.22,14059.74,72.32,1003825.76,13710.41
2020-09-24,14401.06,13560.72,13710.41,154.48,2181712.15,14337.38
2020-09-25,14390.45,13979.51,14337.38,110.22,1570555.78,14227.87
2020-09-26,14419.93,14092.34,14227.87,117.44,1681258.18,14323.39
2020-09-27,14412.46,14025.43,14323.39,94.88,1354357.27,14381.6
2020-09-28,14623.27,14216.85,14381.6,92.11,1335771.09,14218.56
2020-09-29,14494.21,14084.66,14218.56,66.33,949930.38,14469.84
2020-09-30,14495.07,14117.87,14469.84,55.5,795040.35,14372.29
2020-10-01,14527.66,13934.27,14372.29,99.51,1418434.33,14102.02
2020-10-02,14184.61,13858.8,14102.02,93.13,1305952.04,14072.09
2020-10-03,14159.67,13996.47,14072.09,52.45,737324.16,14064.76
2020-10-04,14259.86,14027.21,14064.76,34.6,489260.83,14196.28
2020-10-05,14343.72,14133.62,14196.28,55.27,787298.76,14337.74
2020-10-06,14495.31,14024.04,14337.74,53.71,763548.91,14167.47
2020-10-07,14185.93,14061.22,14167.47,63.41,896051.72,14179.96
2020-10-08,14472.56,14000.19,14179.96,86.89,1241861.57,14425.68
2020-10-09,14609.54,14311.46,14425.68,128.02,1857829.89,14539.98
2020-10-10,15008.06,14499.0,14539.98,100.58,1496781.38,14829.56
2020-10-11,14992.69,14802.62,14829.56,44.82,668829.92,14960.38
2020-10-12,15385.69,14777.78,14960.38,83.71,1262255.86,15137.71
2020-10-13,15158.73,14859.24,15137.71,93.38,1401908.53,15044.66
2020-10-14,15170.47,14886.74,15044.66,63.14,947060.28,15073.12
2020-10-15,15330.5,14937.5,15073.12,80.3,1213709.55,15241.7
2020-10-16,15324.62,14863.55,15241.7,98.89,1485526.61,14983.81
2020-10-17,15081.74,14914.33,14983.81,46.86,701943.21,15001.28
2020-10-18,15231.54,14989.99,15001.28,35.62,538208.94,15223.0
2020-10-19,15565.79,15063.88,15223.0,72.08,1106948.25,15536.1
2020-10-20,15780.99,15438.85,15536.1,112.2,1755784.62,15694.54
2020-10-21,17461.68,15645.2,15694.54,207.56,3447721.37,16884.73
2020-10-22,17383.69,16761.96,16884.73,149.41,2553929.7,17095.49
2020-10-23,17160.99,16810.83,17095.49,115.03,1958771.21,17018.93
2020-10-24,17224.04,16873.33,17018.93,89.19,1525321.24,17167.15
2020-10-25,17407.15,16907.26,17167.15,115.5,1983466.34,17156.58
2020-10-26,17497.4,16946.35,17156.58,103.5,1776865.85,17237.42
2020-10-27,18127.94,17211.47,17237.42,86.11,1521058.54,18024.87
2020-10-28,18224.98,17158.33,18024.87,74.14,1313344.08,17667.7
2020-10-29,18252.03,17376.6,17667.7,80.32,1437434.56,17913.36
2020-10-30,18230.3,17524.05,17913.36,102.59,1839438.46,18125.0
2020-10-31,18705.23,17931.59,18125.0,123.33,2267775.92,18434.48
2020-11-01,18498.5,18220.42,18434.48,40.69,747567.02,18382.54
2020-11-02,18555.28,17839.0,18382.54,88.34,1601275.31,18044.79
2020-11-03,18412.64,17688.84,18044.79,42.86,772105.33,18391.45
2020-11-04,18617.2,18055.54,18391.45,58.34,1074343.21,18597.77
2020-11-05,20641.79,18551.95,18597.77,98.42,1922519.8,20511.1
2020-11-06,20899.51,19903.47,20511.1,91.53,1859237.33,20420.11
2020-11-07,20623.77,18887.17,20420.11,47.27,936899.02,19421.37
2020-11-08,20430.28,19256.79,19421.37,30.01,596967.06,20219.61
2020-11-09,20535.15,19316.42,20219.61,51.28,1019248.48,19972.43
2020-11-10,20168.62,19741.24,19972.43,45.64,911046.55,19991.52
2020-11-11,20976.86,19954.77,19991.52,128.62,2639383.43,20620.04
2020-11-12,21626.79,20332.93,20620.04,155.21,3274563.83,21576.51
2020-11-13,21938.47,21111.06,21576.51,110.49,2381134.33,21581.0
2020-11-14,21581.0,20803.67,21581.0,49.53,1048798.98,21309.87
2020-11-15,21382.93,20880.48,21309.87,47.44,1000775.23,21122.26
2020-11-16,22138.63,20949.48,21122.26,103.7,2245691.48,22031.02
2020-11-17,23527.98,21788.12,22031.02,145.6,3299013.64,23269.27
2020-11-18,24238.26,22695.94,23269.27,180.84,4236777.74,23380.27
2020-11-19,23909.74,22959.77,23380.27,99.93,2353690.67,23452.37
2020-11-20,24459.67,23402.73,23452.37,157.7,3806209.07,24358.34
2020-11-21,24787.76,24075.03,24358.34,88.02,2156624.78,24558.1
2020-11-22,24583.37,23059.01,24558.1,106.04,2550437.21,24110.42
2020-11-23,24449.92,23570.72,24110.42,98.68,2377035.64,24124.54
2020-11-24,25306.48,23723.33,24124.54,248.94,6161182.3,24960.18
2020-11-25,25388.25,24205.23,24960.18,203.42,5052948.96,24463.58
2020-11-26,24710.67,20978.36,24463.58,382.74,8505364.21,22469.69
2020-11-27,22891.08,21519.94,22469.69,153.83,3419825.2,22323.5
2020-11-28,23436.22,22061.37,22323.5,81.35,1849524.85,23235.35
2020-11-29,23966.38,23013.31,23235.35,64.02,1510745.76,23798.58
2020-11-30,25737.72,23766.78,23798.58,198.53,4930859.56,25632.24
2020-12-01,25703.43,23637.43,25632.24,248.4,6232569.87,24389.89
2020-12-02,25103.49,23849.03,24389.89,165.34,4077033.26,24928.35
2020-12-03,25261.84,24499.62,24928.35,107.98,2696330.33,25114.66
2020-12-04,25221.08,23928.52,25114.66,112.41,2750699.79,24002.57
2020-12-05,24689.49,23829.92,24002.57,45.59,1108897.32,24634.57
2020-12-06,24906.15,24253.18,24634.57,34.22,842652.1,24862.59
2020-12-07,24967.51,24304.6,24862.59,77.25,1904163.36,24626.17
2020-12-08,24707.49,23425.28,24626.17,102.86,2479400.96,23626.47
2020-12-09,23982.97,22764.23,23626.47,145.18,3417104.26,23932.51
2020-12-10,23932.51,22812.36,23932.51,138.09,3238904.37,23355.09
2020-12-11,23396.16,22588.52,23355.09,79.81,1830605.31,23081.68
2020-12-12,24281.12,23081.68,23081.68,40.93,973072.53,24155.59
2020-12-13,24864.39,24020.59,24155.59,63.47,1558747.61,24531.3
2020-12-14,24721.62,24311.51,24531.3,40.5,993183.24,24663.8
2020-12-15,24964.65,24313.69,24663.8,81.42,2014729.81,24778.67
2020-12-16,27554.68,24607.81,24778.67,200.93,5265256.22,27337.58
2020-12-17,30240.45,27240.89,27337.58,262.97,7563315.76,29133.1
2020-12-18,29667.49,28524.27,29133.1,100.55,2931958.07,29593.93
2020-12-19,30577.84,28718.89,29593.93,106.37,3167114.86,30370.05
2020-12-20,30463.39,27382.61,30370.05,113.06,3353608.64,29501.04
2020-12-21,30593.96,28314.67,29501.04,102.8,3032739.65,29303.18
2020-12-22,30793.62,28886.9,29303.18,77.13,2313182.01,30793.62
2020-12-23,30982.95,29394.93,30793.62,111.77,3387155.39,29962.5
2020-12-24,30701.31,29343.55,29962.5,76.06,2281039.73,30523.45
2020-12-25,31937.24,30261.33,30523.45,87.56,2731230.95,31933.07
2020-12-26,34662.94,31667.72,31933.07,146.14,4839612.97,34139.36
2020-12-27,36642.84,33069.79,34139.36,157.92,5485114.7,33662.92
2020-12-28,35019.01,33158.36,33662.92,112.57,3890114.53,34889.8
2020-12-29,35250.15,33257.7,34889.8,112.39,3840652.38,35231.98
2020-12-30,36960.45,34936.99,35231.98,132.96,4791836.13,36920.2
2020-12-31,37191.61,35448.55,36920.2,144.15,5262525.4,36626.94
2021-01-01,37288.09,35899.74,36626.94,99.59,3644271.18,36701.49
2021-01-02,40728.34,35192.06,36701.49,211.87,8156208.77,39585.56
2021-01-03,42233.31,34462.09,39585.56,245.68,9734913.75,40353.36
2021-01-04,40415.78,34215.86,40353.36,203.34,7831770.7,39275.52
2021-01-05,43192.14,36505.44,39275.52,228.29,9098808.91,41102.56
2021-01-06,43223.51,40011.28,41102.56,237.75,9997263.97,42669.73
2021-01-07,50371.51,42608.3,42669.73,302.82,14224539.53,49982.05
2021-01-08,52032.1,46156.9,49982.05,218.25,10917943.46,51334.69
2021-01-09,51979.84,49154.14,51334.69,97.2,4959772.88,51049.93
2021-01-10,52178.64,42785.61,51049.93,231.17,11293165.14,48007.69
2021-01-11,48007.69,37555.04,48007.69,473.15,20025348.97,45549.97
2021-01-12,46718.0,41810.37,45549.97,196.08,8692789.46,43415.0
2021-01-13,48630.71,41445.83,43415.0,225.22,10155949.74,47671.46
2021-01-14,51833.12,46559.94,47671.46,277.95,13679575.08,49360.16
2021-01-15,49896.41,43901.75,49360.16,278.8,13061188.96,47013.93
2021-01-16,48291.94,45206.25,47013.93,80.99,3799742.78,46191.42
2021-01-17,46965.71,43447.6,46191.42,136.64,6229044.68,45882.81
2021-01-18,47891.76,44768.61,45882.81,112.87,5216323.96,46788.54
2021-01-19,48159.29,45622.31,46788.54,208.0,9731018.94,45756.55
2021-01-20,46260.34,42229.88,45756.55,168.0,7441000.21,44866.95
2021-01-21,44930.63,38058.76,44866.95,305.88,12367742.91,39093.15
2021-01-22,43033.59,36476.42,39093.15,358.08,14114128.14,42002.97
2021-01-23,42397.08,40093.76,42002.97,48.87,2006863.59,40684.08
2021-01-24,41692.47,39391.03,40684.08,69.69,2827554.07,40858.98
2021-01-25,44298.52,40845.03,40858.98,139.97,5921653.79,41150.55
2021-01-26,41821.47,39278.64,41150.55,181.59,7390785.29,41446.09
2021-01-27,41446.09,37468.16,41446.09,209.8,8294003.25,39080.57
2021-01-28,43317.59,38302.04,39080.57,188.47,7746520.22,42686.75
2021-01-29,49284.62,41035.65,42686.75,291.71,13222614.77,43886.66
2021-01-30,44821.66,42191.18,43886.66,86.75,3776108.99,44001.32
2021-01-31,44005.01,41487.92,44001.32,108.24,4620690.44,42485.42
2021-02-01,44264.28,41547.93,42485.42,130.57,5628954.71,43112.78
2021-02-02,46106.71,43006.48,43112.78,170.0,7587757.95,45502.63
2021-02-03,47993.41,45221.37,45502.63,202.06,9487013.75,47993.23
2021-02-04,48854.54,46383.86,47993.23,182.16,8731376.54,47411.73
2021-02-05,48994.45,46727.33,47411.73,173.17,8339037.23,48795.91
2021-02-06,52215.17,48664.1,48795.91,235.23,11910377.64,50309.4
2021-02-07,50777.78,47898.55,50309.4,123.61,6073972.49,49862.98
2021-02-08,59055.51,48670.67,49862.98,328.26,18027675.26,58992.44
2021-02-09,60580.15,56948.73,58992.44,216.86,12823064.92,58862.89
2021-02-10,59921.29,55615.33,58862.89,164.76,9496042.1,57179.92
2021-02-11,61669.2,56160.99,57179.92,217.84,13022362.55,61109.48
2021-02-12,61992.42,59203.98,61109.48,180.07,10928127.36,60431.17
2021-02-13,61035.3,59095.93,60431.17,122.59,7391526.53,60297.73
2021-02-14,63184.99,60091.86,60297.73,128.09,7943073.19,62159.92
2021-02-15,62346.8,58597.53,62159.92,189.22,11464548.2,60811.92
2021-02-16,63683.07,59697.13,60811.92,106.88,6626189.82,62490.61
2021-02-17,66682.29,62221.76,62490.61,156.63,10157076.04,66132.74
2021-02-18,66931.3,65002.7,66132.74,97.44,6433163.65,65501.44
2021-02-19,70785.62,64521.64,65501.44,203.48,13801194.08,70756.32
2021-02-20,72772.9,68591.72,70756.32,170.69,12127421.54,71257.32
2021-02-21,73175.84,70390.14,71257.32,100.83,7264400.39,72326.14
2021-02-22,72326.14,58885.95,72326.14,273.54,18461117.53,68332.46
2021-02-23,68332.46,56403.47,68332.46,323.94,19725515.77,61490.86
2021-02-24,64789.56,59089.51,61490.86,217.51,13598722.05,62283.28
2021-02-25,64659.06,59301.62,62283.28,164.39,10281557.07,59846.83
2021-02-26,61282.93,56024.05,59846.83,204.19,12053016.42,59138.02
2021-02-27,61577.87,57795.45,59138.02,69.35,4165643.62,59122.37
2021-02-28,59590.8,54788.7,59122.37,184.18,10465509.16,57530.32
2021-03-01,63166.16,57302.12,57530.32,186.71,11366085.39,62862.21
2021-03-02,63607.59,59584.19,62862.21,156.25,9615172.98,61355.67
2021-03-03,66493.41,60895.66,61355.67,180.31,11554249.25,64228.63
2021-03-04,65570.48,60509.31,64228.63,174.46,10967905.07,61840.5
2021-03-05,62891.37,59116.18,61840.5,102.15,6215073.91,61979.5
2021-03-06,62454.99,60340.63,61979.5,42.57,2617685.66,62006.53
2021-03-07,65221.69,62006.53,62006.53,59.76,3829634.32,64811.33
2021-03-08,66349.51,63165.39,64811.33,72.8,4707999.02,66349.5
2021-03-09,69485.77,65971.29,66349.5,135.64,9273857.22,69485.77
2021-03-10,72487.72,67457.24,69485.77,135.41,9530038.49,70820.77
2021-03-11,72732.24,68717.72,70820.77,127.11,9012378.63,72382.67
2021-03-12,72813.81,69255.22,72382.67,112.04,7966490.55,71371.94
2021-03-13,76370.65,70130.02,71371.94,132.19,9760795.39,75976.69
2021-03-14,76369.99,73648.33,75976.69,63.32,4760018.39,73960.61
2021-03-15,75436.2,68734.02,73960.61,154.46,11017295.6,69812.02
2021-03-16,70921.89,66910.64,69812.02,162.2,11191123.2,70921.89
2021-03-17,73020.37,67898.0,70921.89,72.92,5126067.97,73020.37
2021-03-18,74678.41,71519.93,73020.37,95.3,6946275.3,72238.91
2021-03-19,74386.34,70590.66,72238.91,67.78,4945592.1,72928.7
2021-03-20,74903.93,72601.12,72928.7,51.75,3810821.24,72777.19
2021-03-21,73379.78,69897.78,72777.19,56.44,4031273.11,71782.69
2021-03-22,72776.55,67531.26,71782.69,71.5,4994652.62,67966.93
2021-03-23,70236.87,66778.52,67966.93,80.43,5528065.5,68669.8
2021-03-24,71910.21,65459.39,68669.8,143.98,9960655.93,66116.66
2021-03-25,67037.35,63193.99,66116.66,147.95,9655200.76,65169.99
2021-03-26,69466.61,64993.48,65169.99,99.28,6679755.39,69364.1
2021-03-27,71174.8,67808.12,69364.1,49.71,3455493.48,70425.34
2021-03-28,71487.21,68997.44,70425.34,49.32,3474851.26,70402.2
2021-03-29,73430.07,69421.44,70402.2,88.28,6376026.26,72516.8
2021-03-30,74716.74,71888.49,72516.8,75.18,5541035.52,74107.56
2021-03-31,75241.87,71856.58,74107.56,72.26,5348373.3,73927.46
2021-04-01,74664.36,72984.81,73927.46,49.82,3682977.28,73701.85
2021-04-02,75201.16,73306.9,73701.85,56.51,4198898.15,74142.89
2021-04-03,74878.44,71670.78,74142.89,59.03,4351722.66,71776.83
2021-04-04,73456.05,71079.28,71776.83,35.91,2599800.52,73281.89
2021-04-05,73976.71,71639.88,73281.89,68.78,5022753.41,73550.49
2021-04-06,74018.95,71233.71,73550.49,75.57,5492624.77,72528.02
2021-04-07,73461.4,70297.91,72528.02,70.1,5004938.46,70619.83
2021-04-08,73126.68,70584.83,70619.83,81.22,5876622.58,72991.41
2021-04-09,73939.39,70161.05,72991.41,129.85,9427741.3,72758.75
2021-04-10,76405.52,72573.8,72758.75,81.64,6129484.22,74678.93
2021-04-11,75488.46,73998.01,74678.93,46.99,3506250.65,75019.27
2021-04-12,76090.87,74458.36,75019.27,67.52,5078851.21,75271.43
2021-04-13,79562.28,75268.75,75271.43,127.78,9974899.1,79281.53
2021-04-14,81022.95,76797.37,79281.53,110.3,8755560.16,78784.36
2021-04-15,79963.61,77451.49,78784.36,72.0,5669196.69,79472.87
2021-04-16,79716.5,75465.36,79472.87,105.6,8165092.1,77068.28
2021-04-17,78222.45,75277.83,77068.28,67.0,5137262.0,75398.74
2021-04-18,75800.66,65177.09,75398.74,197.91,13955502.12,70568.59
2021-04-19,72111.36,68188.3,70568.59,126.38,8907671.55,70023.12
2021-04-20,72171.33,66919.39,70023.12,117.26,8135199.98,71397.7
2021-04-21,71816.46,66948.49,71397.7,76.45,5300923.9,67497.7
2021-04-22,69296.54,62973.11,67497.7,132.56,8808205.92,64785.61
2021-04-23,65189.98,59355.32,64785.61,185.27,11513245.95,63872.12
2021-04-24,64084.68,61153.8,63872.12,55.52,3482749.89,62838.77
2021-04-25,63418.94,59136.65,62838.77,75.2,4623146.38,61351.91
2021-04-26,67651.75,61249.94,61351.91,117.81,7793772.44,67074.63
2021-04-27,68771.93,66291.27,67074.63,60.49,4104646.05,68371.0
2021-04-28,69439.38,66830.35,68371.0,56.82,3856730.55,67565.69
2021-04-29,67892.22,64447.53,67565.69,46.04,3036811.98,65938.56
2021-04-30,71334.43,65313.6,65938.56,65.84,4514414.0,71182.31
2021-05-01,71995.49,70179.54,71182.31,45.17,3217084.31,71153.14
2021-05-02,71312.09,69026.02,71153.14,46.15,3228365.35,69528.02
2021-05-03,72437.12,69435.12,69528.02,95.04,6763690.46,70262.05
2021-05-04,70262.05,65487.83,70262.05,112.48,7628922.96,65567.16
2021-05-05,70938.78,65385.05,65567.16,109.89,7593938.58,70334.4
2021-05-06,71322.58,67648.9,70334.4,89.07,6191261.48,68584.97
2021-05-07,71323.56,67195.42,68584.97,135.43,9358428.86,69748.85
2021-05-08,72114.66,69263.28,69748.85,103.55,7373740.25,71286.28
2021-05-09,71735.31,68397.39,71286.28,49.34,3459703.61,70242.64
2021-05-10,71569.12,60493.48,70242.64,140.28,9609396.85,67792.55
2021-05-11,68978.6,66100.65,67792.55,132.21,8982996.23,68590.09
2021-05-12,69963.4,58703.25,68590.09,129.86,8614896.2,59536.28
2021-05-13,62231.65,56340.57,59536.28,237.41,14188825.41,60359.91
2021-05-14,62470.42,59489.22,60359.91,97.03,5933323.53,60540.32
2021-05-15,61332.71,56540.35,60540.32,91.73,5405474.48,56812.51
2021-05-16,59978.64,52702.45,56812.51,116.05,6502925.13,56000.94
2021-05-17,56040.1,48062.0,56000.94,244.72,12679159.8,52491.57
2021-05-18,55233.78,51188.02,52491.57,103.92,5505788.51,51756.01
2021-05-19,52581.04,37161.97,51756.01,388.18,17992653.18,44720.39
2021-05-20,51549.23,42572.44,44720.39,226.3,10939478.97,49029.01
2021-05-21,51385.89,40627.45,49029.01,235.88,10836710.18,45155.71
2021-05-22,47102.04,42790.32,45155.71,95.25,4330980.22,45273.75
2021-05-23,46227.12,37570.06,45273.75,298.28,12152772.03,42069.0
2021-05-24,48180.38,41617.68,42069.0,2212.62,101845470.85,46954.93
2021-05-25,47995.2,44005.71,46954.93,4757.8,217710367.41,46460.5
2021-05-26,49385.5,45520.61,46460.5,5300.62,250509883.16,47481.47
2021-05-27,48866.37,44956.34,47481.47,3544.92,166222700.69,46313.74
2021-05-28,47041.2,41758.6,46313.74,4898.45,216799699.68,42912.05
2021-05-29,45089.97,40524.58,42912.05,3510.09,149205816.49,41630.03
2021-05-30,44153.95,40228.39,41630.03,3198.68,136570347.26,43173.33
2021-05-31,45330.13,41188.01,43173.33,4416.32,191964792.31,44850.02
2021-06-01,45786.61,42874.78,44850.02,3439.99,151708397.39,44408.56
2021-06-02,46159.63,43249.71,44408.56,4016.12,180565196.67,45103.36
2021-06-03,47694.49,44674.24,45103.36,4176.36,194175155.82,47499.42
2021-06-04,47600.19,43062.95,47499.42,4940.09,221058320.43,44651.0
2021-06-05,45914.34,41947.17,44651.0,5659.46,250936765.55,43053.24
2021-06-06,44125.09,42455.25,43053.24,4873.4,211404492.08,43344.24
2021-06-07,44692.64,40211.04,43344.24,6267.96,271030691.64,40438.76
2021-06-08,41222.54,37449.77,40438.76,7354.12,291346648.99,40306.17
2021-06-09,45573.57,39119.85,40306.17,6940.37,292421073.76,45149.23
2021-06-10,46610.82,43274.52,45149.23,4679.64,209948450.51,44218.73
2021-06-11,45667.96,43382.83,44218.73,5012.63,223125615.02,45220.34
2021-06-12,45620.84,41973.04,45220.34,8768.09,380219813.61,42978.29
2021-06-13,47926.35,42159.8,42978.29,5615.88,243896686.12,47662.91
2021-06-14,49847.52,46943.89,47662.91,5968.04,289567136.29,49051.22
2021-06-15,50495.6,48000.83,49051.22,11394.49,557157410.92,49044.08
2021-06-16,49414.31,46622.14,49044.08,9122.44,438530252.4,46937.54
2021-06-17,48828.21,46094.36,46937.54,13653.17,648777623.05,47122.14
2021-06-18,47300.01,43540.42,47122.14,15269.29,700661114.32,44745.65
2021-06-19,45487.81,43310.1,44745.65,15771.99,702741772.9,44100.31
2021-06-20,45103.35,41448.85,44100.31,19917.12,868936169.05,44174.0
2021-06-21,44606.16,38629.61,44174.0,9259.95,385021996.57,38944.07
2021-06-22,41187.05,35601.66,38944.07,18014.22,708081354.92,40100.92
2021-06-23,42823.85,38942.78,40100.92,15406.0,640222719.92,41312.07
2021-06-24,43435.29,39676.06,41312.07,9691.27,402554167.81,42570.68
2021-06-25,43837.53,38360.02,42570.68,9142.3,374882079.88,38704.98
2021-06-26,40240.1,36974.93,38704.98,8290.56,320106022.81,39558.8
2021-06-27,42717.57,39226.82,39558.8,7137.58,290221854.99,42716.91
2021-06-28,43462.67,41673.97,42716.91,9908.21,420423177.55,42378.39
2021-06-29,45405.84,42154.5,42378.39,10274.81,451309531.92,44557.06
2021-06-30,44860.84,42120.83,44557.06,8898.08,385139363.09,43530.49
2021-07-01,43553.01,40631.95,43530.49,8348.49,348185738.37,41595.55
2021-07-02,42335.11,40579.27,41595.55,6808.51,281245588.41,41758.51
2021-07-03,43141.97,40950.54,41758.51,7438.22,314634392.93,42839.1
2021-07-04,44412.59,42231.53,42839.1,6149.0,267522152.45,43381.94
2021-07-05,43532.9,40822.66,43381.94,9726.17,408412561.42,41455.87
2021-07-06,43378.33,41413.6,41455.87,10344.97,437288415.61,42541.99
2021-07-07,43680.41,42063.07,42541.99,5005.69,215381561.44,42131.0
2021-07-08,42432.19,40187.9,42131.0,4386.12,180464646.68,41318.84
2021-07-09,42477.2,40350.59,41318.84,3418.44,141679381.5,41924.32
2021-07-10,42732.44,40979.94,41924.32,3070.5,128861585.48,41820.91
2021-07-11,43214.22,41321.68,41820.91,7615.58,320873177.29,42480.01
2021-07-12,43332.66,40546.21,42480.01,8119.51,341546585.73,41111.64
2021-07-13,41683.54,40182.18,41111.64,8079.27,331063924.97,40843.3
2021-07-14,41461.98,39425.62,40843.3,5772.57,233709603.35,41190.69
2021-07-15,41690.23,39149.66,41190.69,6310.66,253133377.58,39974.39
2021-07-16,40681.86,38953.38,39974.39,8833.83,353013363.66,39432.51
2021-07-17,40373.44,39176.57,39432.51,5147.14,204507276.78,39876.3
2021-07-18,40818.14,39125.39,39876.3,3348.82,134275556.64,39971.74
2021-07-19,40516.23,38809.97,39971.74,3887.16,153504494.53,39403.53
2021-07-20,39650.31,37264.75,39403.53,2504.18,94912525.21,37644.49
2021-07-21,41213.53,37333.82,37644.49,2054.93,80445645.69,40231.29
2021-07-22,41070.54,39724.47,40231.29,2926.23,118320932.0,40693.69
2021-07-23,42301.79,40142.57,40693.69,6655.41,271305172.19,42031.27
2021-07-24,43487.13,41838.66,42031.27,6393.58,271975440.4,42902.82
2021-07-25,44521.71,42426.38,42902.82,5028.43,217323884.51,44521.71
2021-07-26,50936.37,44202.66,44521.71,8419.93,404252690.31,46966.1
2021-07-27,49857.35,45549.13,46966.1,5140.28,243063808.49,49561.02
2021-07-28,51546.31,48628.78,49561.02,4916.57,246037078.89,50231.65
2021-07-29,50761.09,48864.25,50231.65,11497.24,571503852.31,49923.94
2021-07-30,52921.74,47542.24,49923.94,8638.53,426924514.72,52784.5
2021-07-31,52954.7,49024.81,52784.5,5985.2,310476507.24,51909.2
2021-08-01,53311.08,49043.06,51909.2,4324.45,223862790.18,49553.88
2021-08-02,50525.63,48247.25,49553.88,4385.35,216640929.38,48802.3
2021-08-03,49831.23,47067.34,48802.3,4784.13,230545325.77,47723.58
2021-08-04,50249.48,46889.54,47723.58,4329.79,210538050.2,49670.51
2021-08-05,51855.33,46527.95,49670.51,4537.82,224356243.65,51191.91
2021-08-06,54448.69,49728.58,51191.91,3921.81,200880481.66,53855.44
2021-08-07,56301.48,53329.38,53855.44,3365.38,184281267.74,55717.81
2021-08-08,57052.19,54148.42,55717.81,3503.56,195050918.48,54914.41
2021-08-09,58532.55,53670.17,54914.41,3698.07,208458226.96,57994.49
2021-08-10,58873.38,55790.27,57994.49,4382.07,250643911.45,56852.19
2021-08-11,58625.68,56609.77,56852.19,4067.81,234671447.76,57215.05
2021-08-12,57944.88,54691.86,57215.05,3556.27,200178839.71,55441.69
2021-08-13,60044.44,55207.81,55441.69,4003.26,231926402.37,59983.44
2021-08-14,60345.15,57368.57,59983.44,4119.3,242269437.39,58666.84
2021-08-15,59614.76,56163.78,58666.84,4314.57,250460588.73,59005.99
2021-08-16,60291.66,57233.13,59005.99,4683.69,275422084.57,57564.06
2021-08-17,59599.94,55911.1,57564.06,5006.91,289907782.45,56237.05
2021-08-18,58214.3,55694.28,56237.05,5579.68,317788399.45,56448.69
2021-08-19,60360.97,55578.51,56448.69,4051.04,233136648.46,59802.23
2021-08-20,63441.11,59602.3,59802.23,4437.48,272660529.35,63376.41
2021-08-21,63955.92,61702.42,63376.41,4400.53,276401689.78,62430.39
2021-08-22,63598.32,61443.57,62430.39,4128.25,258272706.62,63344.02
2021-08-23,64556.71,61884.87,63344.02,3913.88,247813483.21,62799.48
2021-08-24,63045.51,59753.72,62799.48,4585.66,282600341.57,59907.8
2021-08-25,62154.29,59145.65,59907.8,4552.09,276760141.74,61828.35
2021-08-26,62300.24,58202.98,61828.35,5135.4,307270260.05,59654.92
2021-08-27,62157.69,58601.33,59654.92,4860.57,293705957.89,61680.14
2021-08-28,62365.52,60839.44,61680.14,4787.79,295257915.5,61726.13
2021-08-29,62757.53,60091.54,61726.13,4023.86,246740600.42,61674.98
2021-08-30,61823.99,58834.73,61674.98,4903.92,297072686.4,59009.12
2021-08-31,61023.39,58693.59,59009.12,2627.09,156491697.06,60141.61
